vehicle_id,licence_plate_num,manufacturer,model,manifacture_year,car_policy_num,car_type,fuel,seats_num,kids_seats_num,wheelchair_seat
1,LBB 087,Cole-Jackson,evening,1995,ZDUW46408669769233,normal,diesel,7,2,False
2,631-WPX,"Hughes, Morales and Gutierrez",contain,1998,FCHU24008784539295,normal,diesel,4,1,False
3,KYJ 733,Reed-Holt,rich,2018,LCMK37916085369893,high,diesel,7,1,False
4,12-8385J,Hoffman-Gibson,then,1994,BQNT44531556403091,normal,electric,8,0,False
5,MAK 167,Spencer and Sons,necessary,2011,BTAL15836716137127,normal,diesel,4,2,False
6,5WQ4909,Dillon Ltd,per,1993,PLEK59630981314231,normal,diesel,5,1,False
7,6P 4G0MZI,Hoffman Group,sure,2017,RQIC52706343354569,high,diesel,7,2,True
8,ZGG 267,Kaufman Ltd,people,2013,LFRQ01243500132893,high,diesel,5,2,False
9,153 ZKX,Mcconnell Inc,threat,2003,CHCE20124692474935,normal,electric,3,1,True
10,55A 3034,Nelson Group,blood,2004,YCVO28573632153595,normal,hybrid,3,1,True
11,P30 4YD,James-Murray,accept,2006,MQVV14213212456875,high,hybrid,3,2,False
12,HMU 609,Johnson PLC,many,2016,DWZV24803553112113,normal,hybrid,5,0,False
13,35WU123,"Becker, Smith and Rivera",tree,2019,XRTC14823201216937,normal,hybrid,5,0,True
14,8OY3167,"Lowe, Clay and Davis",discussion,1994,WIBJ62933828968275,high,diesel,3,1,False
15,264 UZR,Morales Inc,prevent,2009,RXGH70641623034143,high,hybrid,7,1,False
16,54-6565P,"Hernandez, Simmons and Fields",answer,2001,ZOWE23421267560474,high,hybrid,5,1,False
17,UEO-1201,Diaz Group,week,1991,XDQE18377347349129,normal,hybrid,4,0,True
18,979 JLF,Arroyo Ltd,million,2022,DUZF40243625654892,high,electric,5,2,True
19,100DOC,"Barnes, Smith and Cannon",any,2011,MXHF19402598183174,normal,electric,3,0,True
20,1I 4J6BMW,"Carter, Perez and Hanson",much,2002,LMYI19322939403161,normal,electric,7,1,False
21,9-G7169,"Gonzales, Allen and Johnson",east,2022,RXOD04533702079616,high,electric,6,2,False
22,BJW 216,"Ray, Carr and Hebert",pretty,2019,PEXQ05156138418748,high,electric,8,1,True
23,BXH 143,Walsh PLC,between,2020,XNOJ26831497632437,normal,hybrid,2,1,True
24,IIH9171,"Delgado, Richardson and Phillips",my,2011,BEMD70792563213999,normal,electric,4,1,False
25,837 FAY,Miller PLC,happen,2021,SBQX32235349200000,high,diesel,5,1,False
26,9-D3603,White-Allen,commercial,1994,WXTB24222512230137,high,diesel,7,0,True
27,AGX 354,"Robertson, Anderson and Braun",officer,1995,LFJQ74358604230889,normal,electric,7,2,False
28,ILM-952,"Kelly, Newman and Williams",avoid,1994,ECQT70071851463573,high,diesel,2,1,True
29,IBK-7769,Fletcher Ltd,southern,1994,KNRX20876019877722,normal,diesel,2,0,False
30,0GC 043,Johnson-Walters,effort,2022,XVWV93944294871241,normal,diesel,8,1,False
31,EV4 1058,Walters-Roy,everybody,1991,LUBR78964379941905,high,hybrid,5,2,False
32,3-9533P,Mullins Inc,second,1994,PBMG39029070926169,high,hybrid,6,2,False
33,5Z046,Hester and Sons,college,2013,XZMJ12154247749648,high,hybrid,5,1,False
34,09J R99,"Hamilton, Roberts and Williams",defense,1995,YBKV97708483252259,normal,electric,2,1,False
35,MHI-3688,Romero-Sawyer,capital,2008,CTZJ77854486364823,normal,electric,8,0,True
36,021 TQV,Richardson-Coffey,nature,2017,WHVJ89611258586404,normal,diesel,6,0,False
37,423 ZTS,Thompson and Sons,reduce,2003,QCJO14859952516725,normal,diesel,6,0,False
38,5Z M5177,"Miller, Miller and Kennedy",his,2020,ZYNI08310331081692,high,hybrid,8,0,True
39,95J 4518,Evans PLC,allow,2021,IAAG61995280689514,normal,electric,4,1,True
40,569-PNT,Lee-Lopez,child,2013,YKTO42272779789760,high,hybrid,5,2,False
41,J19 7UJ,Horne and Sons,nothing,2019,SJLV86469628179503,normal,diesel,3,0,False
42,010 MUA,Reyes and Sons,professional,2017,RTFK90186955112455,normal,diesel,3,1,False
43,U85 2CB,Welch Group,something,2014,NXMS64000975110506,high,electric,6,2,True
44,3-U3411,Rogers Group,compare,2000,BKEY19869267088138,high,diesel,6,0,True
45,B57-60E,"Bradshaw, Boyd and Clayton",write,1995,BPDK50894752681839,normal,diesel,5,1,True
46,55LB2,"Nelson, Moore and Mejia",treat,2002,PVBK76022651929719,high,diesel,2,1,True
47,083-EBS,Payne LLC,keep,2003,DZBU55453489711339,normal,electric,4,2,True
48,511 GCC,Cole-Morales,mean,2015,DTKO15606855190917,high,diesel,2,1,True
49,IV 35165,Ross LLC,lead,1998,IKAQ20227241172704,high,diesel,7,2,False
50,003 VGV,Parker and Sons,color,1995,RVPV04663421500556,high,electric,3,1,False
51,8WQZ824,Santos LLC,arm,2002,TCXS52897433256129,high,diesel,3,2,True
52,AD 62497,"Lopez, Shelton and Perry",ten,2006,RFQC58130056279495,high,diesel,7,2,False
53,129 JGE,Smith-Rodriguez,opportunity,2023,IZMV76728508171246,high,hybrid,8,0,False
54,340-UXO,"Dominguez, Smith and Leonard",meet,1995,DFLB78699747321350,normal,hybrid,6,0,False
55,BS6 Q4A,Snow-Martin,analysis,2019,XPUM07881912947676,normal,diesel,8,1,True
56,73VH6,"Rodriguez, Cox and Quinn",bank,1998,KBNL90947624512590,normal,diesel,5,2,False
57,3J Q6814,Simmons-Flores,in,2008,HBOH04114887450792,normal,hybrid,2,2,True
58,6A 2732S,Coleman Ltd,though,2018,OHKE19213852641423,high,hybrid,2,1,True
59,5MQ 863,Brown-Ward,beat,2016,UBMW83475110877066,normal,electric,2,0,True
60,P27-PGS,Logan LLC,site,2007,SSBX69640809474868,high,diesel,7,2,True
61,63-LW41,Wood-Scott,enter,2018,AJCF97758433880662,high,hybrid,4,2,False
62,N09-10M,Sweeney-Garcia,heavy,2009,SRVF78061703287092,normal,diesel,7,0,False
63,XIJ 980,Salinas PLC,line,2017,LYBF73506094783023,high,hybrid,4,1,True
64,JWP 497,Holmes-Hardy,same,2002,DFFF60456735923836,high,diesel,2,0,True
65,137-WIBJ,Conner Ltd,international,2017,QZHC56329850506974,high,hybrid,2,2,False
66,6E 9B9TNE,"Jones, Harper and Taylor",force,2007,HYRB92985839039488,normal,electric,2,2,True
67,NJY-8187,Hamilton-Gallegos,might,2022,WRNT50501676486563,normal,diesel,5,2,True
68,8PI0374,"Doyle, Williams and Krause",list,2011,WOWB87563067190937,normal,diesel,6,1,True
69,T39-42E,Wilson-Gilbert,so,1990,QPUA78229799130189,normal,electric,4,0,False
70,3FM61,"Miller, Smith and Marshall",exist,1990,MVLF14711603962417,normal,diesel,5,1,False
71,0W 99257,"Johnson, Ortiz and Waters",improve,1998,JBTW09637644519708,high,electric,7,2,True
72,155-123,"Ross, Johnson and Blackburn",morning,2022,TXNB12177390395678,normal,electric,8,0,False
73,XON-3404,"Thompson, Riggs and Chapman",house,2003,PKBG86550243975570,high,diesel,8,2,False
74,WPE-8264,"Torres, Sims and Johnson",us,2001,SODR85566171598372,high,hybrid,2,0,True
75,PCU 099,Jimenez-Powell,argue,2006,WDMV53754450463944,high,diesel,5,0,True
76,909 ZXQ,Schwartz Group,it,2012,LXIN86011066634024,high,diesel,4,0,True
77,280-OLW,"Orr, Whitney and Gilbert",son,1997,YBFC90952561697992,high,hybrid,5,1,False
78,799-366,"Harrington, Knight and Mcmillan",training,1991,MVSD54330226340074,normal,diesel,3,2,True
79,20X 934,"Carpenter, Williams and Gardner",protect,2012,TMIW44539616223421,normal,electric,5,2,False
80,IEO-9811,Koch Group,season,1991,LIGM14871554420395,high,hybrid,4,2,True
81,K39 8QS,"Davis, Swanson and Zamora",why,2006,RMDK41317611554087,normal,diesel,2,2,True
82,0RO H81,Glenn-Jordan,personal,2013,PLKM80224316499208,normal,diesel,7,2,True
83,5MYX 80,Jenkins Group,do,2017,PSMY30478711219345,normal,electric,2,2,False
84,6Y C0988,Kent-Knapp,half,2009,MRFT22179536452047,normal,hybrid,3,0,False
85,LRR9408,"Cobb, Davis and Jackson",card,2010,UXSZ59152829690760,high,electric,7,0,True
86,LST 827,Vargas-Reynolds,response,2003,PAAD26116126793506,normal,diesel,3,2,True
87,293 JWA,"Middleton, Nelson and Bryant",there,1995,WNWJ28967502674045,high,diesel,2,2,True
88,67A 565,"Smith, Smith and Macdonald",marriage,2016,QJSK74839720536499,high,electric,4,2,True
89,0B W2981,Perez-Miller,shake,1998,LKCG45765091807529,normal,diesel,7,1,True
90,2-V2393,Santos-Wagner,international,2018,WBAF58155516190978,high,diesel,2,2,False
91,524UNR,Miller PLC,quite,2007,GTTZ97725814899541,high,diesel,5,0,True
92,6KFY 08,Smith-Simmons,everybody,2020,FQUO09001219498811,high,electric,2,1,True
93,W71 7IR,Martin PLC,region,2010,TEML95682685237649,normal,hybrid,7,2,True
94,962DN,"Weber, Robinson and Powell",dinner,2005,MAOE56711251375092,normal,hybrid,2,1,True
95,KVZ 148,Park-Cruz,east,2000,KKZC01100134038161,high,hybrid,2,2,True
96,PQ 63394,Hughes-Holland,organization,1998,LKRJ76684283723785,high,hybrid,2,0,False
97,II0 6928,Warren Inc,end,2015,DUUY14060639328572,high,electric,5,2,False
98,2G 5T7GGH,Anderson-Hoover,century,2016,YZGN10941486660494,normal,hybrid,7,0,True
99,710 9791,Walters-Brown,defense,2001,MJHL72966558789784,normal,electric,2,1,False
100,455-HYN,"Fowler, Ramirez and Rollins",four,2000,JUUM07025705685011,high,hybrid,7,1,False
101,2QIJ453,"Allison, Johnson and Brooks",without,2014,BYSO22016005478505,normal,diesel,5,2,False
102,CNC 921,Richardson PLC,economy,2015,UWAL74580182039460,high,hybrid,4,2,False
103,414 DJV,Fritz-Tran,charge,2022,IDUV83717248281131,high,diesel,6,1,False
104,8137,French and Sons,power,2020,SPXO61332128706708,high,hybrid,3,2,False
105,KGC-481,"Morgan, Smith and Holder",model,2011,GWGN12489179123287,normal,hybrid,5,0,True
106,933-LXO,"Powers, Peters and Jackson",economy,2014,QKTM62899260528536,high,electric,2,2,False
107,LC 67311,Howe Ltd,forget,2006,GCOO44644469735160,high,diesel,4,2,False
108,74-D356,Brown-Maddox,go,2016,ODQS20268335130809,high,hybrid,8,0,False
109,793-XVC,Faulkner-Rodriguez,activity,2011,ZMLK08494270360113,high,hybrid,8,1,True
110,30-2141S,Martinez Ltd,play,2000,FXMF11001000440357,normal,diesel,5,0,False
111,YZI-5671,"Smith, Murray and Dixon",plant,1992,GRXZ46444850166607,high,diesel,6,0,True
112,817D,Golden Inc,southern,2002,EGZT30723697155011,normal,diesel,5,0,True
113,6-71122,Kelly PLC,enjoy,1993,JOXC62445827723613,high,hybrid,4,2,True
114,771-OYA,Green Inc,southern,2017,EGTK36123273192061,normal,diesel,4,0,False
115,6OU J94,Mcdowell-Cook,range,1996,ECCD35587278405557,normal,hybrid,5,0,True
116,HBU 853,"Whitaker, Wood and Fox",break,2016,NXOL30603647884703,high,diesel,6,2,False
117,37HG8,"Castillo, Smith and Powers",become,2002,EUNK27330000562330,high,diesel,8,2,False
118,796 RT3,Smith Ltd,put,1993,MWZO84962573692549,high,electric,3,2,True
119,149 SMB,Schmidt Ltd,couple,2017,WEKY26054091957503,high,diesel,2,2,False
120,918 QIR,"James, Mccormick and Hancock",door,2000,PTOX49471858066981,normal,hybrid,8,1,False
121,ZFC 882,Smith-Stewart,early,2019,PMQA40064920626306,high,diesel,3,1,True
122,318-339,Patterson-Romero,individual,2003,FZFX98520423980496,normal,electric,7,1,False
123,897 YTI,Goodwin-Bennett,thousand,2014,VMIN79913877166399,high,diesel,7,2,False
124,3-D4057,Scott Group,nature,2001,GMYF40595143350702,high,electric,5,1,True
125,KRD 021,Robinson Inc,sport,1997,IALV23917486067288,normal,diesel,5,1,True
126,191TOH,"Baker, Foley and Jones",expert,2021,UMXU14367504876117,high,hybrid,8,1,True
127,VHV-366,Bush-Brady,focus,1991,XFTB01820048421409,normal,diesel,8,1,False
128,350-JKE,Rodriguez Inc,TV,1990,DZON64635633007326,normal,electric,2,0,True
129,CZ-5318,Bowman Inc,fill,2004,KNNU97238496912467,normal,hybrid,4,0,False
130,48-QD32,"Roth, Guerra and Baker",current,1997,SLYH00399265079629,high,diesel,5,2,False
131,AL 69696,Reed-Patrick,quickly,2011,DKLL89876461579000,normal,electric,4,2,False
132,R 272363,Jones LLC,music,2012,CHUY70140175814857,high,diesel,3,1,False
133,UKI-907,Wilson-Mcintosh,hand,2008,WJKJ53573356127161,normal,electric,6,2,False
134,3343,Obrien-Chapman,herself,2021,GWTN13103555854579,high,diesel,3,2,True
135,PDQ 715,Farrell PLC,player,2011,KCQY35888997560325,high,diesel,5,1,False
136,6OB9476,Cannon-Ortiz,particular,1990,JTTV26043403132357,high,hybrid,4,2,True
137,TDB-5220,Fitzgerald-Gordon,charge,2020,NEHR19413133717669,high,hybrid,5,0,True
138,915X9,Evans Ltd,TV,2007,FVZF70803340027288,normal,electric,7,2,False
139,0G 66070,Vasquez PLC,certainly,2021,SAGT85673555212517,high,hybrid,5,0,False
140,712 XQO,"Moreno, Watson and Tapia",music,2015,NAPY19484257341601,high,hybrid,3,1,True
141,00-TZ57,"Adams, White and Campbell",environmental,2005,JBSB43044970141775,normal,diesel,8,1,True
142,705269,"Chandler, Lam and Cooke",hold,2019,HNSZ00533684743561,high,electric,6,2,True
143,080-NMB,Carter Inc,ago,1996,WTKQ03841420442463,high,hybrid,3,1,False
144,2WW 547,Cortez-Gutierrez,end,1991,ORLP45825113778423,normal,electric,4,2,False
145,6O J0797,Chung-Carroll,leader,1996,FVBK98086136925411,high,hybrid,5,2,True
146,098-KFJ,"Lozano, Lopez and Foster",paper,2014,FJRO41688254997695,normal,hybrid,5,2,False
147,60FA616,Berry-Lawson,resource,1998,HARW43783114151622,normal,electric,6,0,True
148,8TSP426,Riley-Espinoza,issue,2005,WPON47941269378800,normal,electric,7,1,False
149,7-3255O,"Franco, Oconnor and Moon",child,2006,ZXXJ27904483545538,normal,diesel,6,0,True
150,492 WVP,Andrews-Blair,teacher,1997,DIDE22670327856256,high,hybrid,4,1,True
151,542-ZGQ,"Walker, Foster and Garner",so,1998,WUNP76444808096285,normal,electric,7,0,False
152,RMZ-975,"Jackson, Walsh and Gonzalez",board,2008,SKCU55482914253038,high,diesel,5,1,True
153,7KZ3421,"Levy, Rodriguez and Porter",necessary,2010,SCLP59855888049849,high,diesel,5,2,True
154,XNU6743,Lopez PLC,style,1994,IMTW57817478051573,high,diesel,3,1,False
155,CI8 L5M,"Jensen, Munoz and Neal",floor,1991,VRFB72875757269434,normal,electric,2,2,True
156,ALK7967,Cuevas-Shea,research,2003,CONN10021274972909,high,hybrid,3,0,True
157,II-8921,"Jones, Chavez and Bryant",compare,2011,XBUQ59462762226489,normal,diesel,7,0,False
158,OII 068,Lane PLC,teacher,1992,XLYH92699430451648,high,diesel,4,1,True
159,GHA-0219,"Leonard, Gonzalez and Gibson",address,2016,TXRA19654368650607,high,electric,8,1,True
160,93A 2572,Ross-Shaw,another,1990,RZBJ78234225273578,normal,electric,8,0,True
161,SK0 E3I,Sanchez-Rivera,while,2011,CTPG28989252375336,normal,electric,2,1,True
162,KHU 099,"Odonnell, Richardson and Brewer",and,2001,BBHD33788889097225,high,hybrid,6,0,True
163,703 CTB,Wilson Ltd,share,2018,YUSR45947177181749,high,hybrid,7,1,True
164,DWI 253,"Rivera, Jensen and Mitchell",which,1993,GESQ60135288803590,normal,diesel,5,2,False
165,4K 67390,Hudson Ltd,serious,1999,YBST96253736045182,high,hybrid,6,0,True
166,54-35283,Johnson-Hill,very,2000,REUL30733097380508,high,hybrid,4,1,False
167,4-53154Q,Cochran PLC,prevent,2003,SZNS47290513136250,high,hybrid,2,1,False
168,ZCZ-6951,"Lopez, Larson and Santos",treatment,2003,TYPF16326035158298,normal,electric,4,1,True
169,FQO0954,Buchanan-Munoz,field,2009,CJPZ43553434723494,high,electric,4,1,True
170,WSJ-131,Williams-Thompson,me,2000,GOED02509314277447,normal,diesel,4,2,True
171,8414,Goodman Inc,ago,1990,RFLI74882030141916,high,electric,7,0,False
172,MNF-7575,Williams-Payne,learn,2014,SQMP08940769861439,normal,diesel,3,1,False
173,KJX 875,"Sanders, Pitts and Simmons",detail,2004,WGUS80584140387315,high,diesel,8,2,False
174,PNT F44,"Whitaker, Anderson and Austin",together,2013,EMPS86609877982255,high,electric,7,0,False
175,565-APO,Norton LLC,keep,2020,IETQ48665398921650,normal,electric,3,2,True
176,HA 4667,"Dominguez, Jones and Pratt",sense,2003,TJWO65890585997239,normal,electric,8,1,False
177,22-52920,Ochoa Inc,summer,2003,ROMY32108947870373,normal,electric,7,1,False
178,E55 3UM,"Gomez, Norris and Perry",yes,1992,BTDB42462123408194,normal,hybrid,3,1,False
179,1-H6840,Howell-Taylor,group,1998,ZYFK45404276487453,high,diesel,4,0,True
180,5688 JP,"Downs, Hanna and King",can,2023,VFEF79547865548877,high,electric,5,1,False
181,Y80 4XN,Kelley PLC,general,1994,NBXT73507865113731,high,electric,4,2,False
182,852 GNV,Bell Ltd,act,2015,GSML48864479000203,normal,diesel,3,0,True
183,GUO-351,Mays-Garcia,ago,2019,XGCH05092159448916,normal,diesel,7,2,True
184,9ZQ 760,Lane PLC,air,2019,PEFB98373894773555,normal,diesel,6,1,True
185,345 KDI,Nelson Inc,up,2021,HTQJ09335321925859,high,electric,8,2,False
186,6B 28482,"Chan, Nguyen and Davis",approach,2001,EQMD55006580436769,high,electric,2,2,True
187,LHO 351,Carter-Price,look,2022,NTQD23994560212870,high,hybrid,8,1,True
188,LZE 576,Anderson Group,after,2001,IVOV50121386663501,normal,diesel,5,0,False
189,BFC 270,King-Mills,move,1997,NVKF69442276048317,normal,electric,4,2,True
190,44KN716,"Norman, Perkins and Suarez",meet,2017,QJIG40931525765103,high,diesel,7,0,False
191,YFW V38,"Parker, Phillips and Johnson",today,2020,CJUB61548110595915,normal,hybrid,4,2,True
192,8EL 476,Richards-Jones,sound,2019,FMFR49338784195850,high,diesel,2,1,False
193,X70 4MY,Santiago-Dudley,fine,2004,VTCU21192907738265,high,diesel,4,2,False
194,DPV 340,Williams PLC,employee,1996,URCT19856780097146,normal,electric,7,2,True
195,HMV 417,Webb Ltd,fight,2005,TCIC94717213091645,normal,diesel,3,2,False
196,741341,Maldonado and Sons,modern,1998,BHUR31960166023401,high,diesel,6,0,False
197,7508 VZ,Garrison Inc,recognize,2003,GPYC50159995682610,high,hybrid,3,1,False
198,27-8479H,"Vargas, Johnson and Davis",position,2009,XWUG22813964354154,high,diesel,6,2,True
199,FFZ 578,Sanchez Inc,factor,2019,ABWJ93027004882006,high,electric,5,0,True
200,150 PPY,"Smith, Murphy and Woods",leave,2017,SKZX89636615650263,high,diesel,3,1,True
201,9158,Crawford and Sons,item,1999,DDFC18025657920458,normal,diesel,6,1,True
202,VQ-8221,"Kim, Guerrero and Thomas",laugh,2001,XUGZ53553952862490,high,diesel,7,2,True
203,D98 6YT,Clark-Valdez,including,2010,EKNM66037206794009,normal,hybrid,7,1,True
204,503VDZ,Fernandez-Sanchez,feel,2001,OVGC40285979253208,normal,electric,7,2,False
205,KDT-295,Simpson Group,participant,2019,KCND73333347693852,high,diesel,2,0,False
206,06-52155,Carr Ltd,front,1993,NIGD90847402589088,high,electric,6,0,True
207,0H YH340,"Key, Costa and Rivera",left,2011,MNKA11915493917921,high,diesel,3,0,False
208,V34 8VL,Jones Ltd,edge,2011,LFUG14065781920768,high,electric,4,1,False
209,566 WYH,Smith-Gonzales,her,2013,HCCX69653103155007,high,hybrid,7,0,True
210,6MQ 409,"Oconnor, Mack and Patel",movement,2005,HOKZ84473964056954,normal,electric,7,2,True
211,626 GFM,"George, Hunter and Ramirez",wear,1990,YGXB13465047344649,high,electric,6,1,False
212,35F A26,Ray LLC,total,2003,MOPN09640463570317,normal,diesel,3,2,False
213,4PZQ 04,Dunn PLC,several,2016,YAQH40853997506845,high,electric,4,2,True
214,HZB-2336,Garza Ltd,paper,2016,QNDL91681755325695,high,diesel,8,0,False
215,YCB 800,"Lowe, Gregory and Best",name,1995,HOKJ11459475036850,high,electric,8,1,False
216,894-411,"Nelson, Ali and Trevino",case,1999,MJLT98365891993991,normal,diesel,4,0,True
217,4U 2S9XPU,Robinson-Ruiz,upon,1998,IJIP66407843755358,high,electric,5,1,False
218,954CT,Brown-Lane,price,2006,YMBM09321137256477,high,hybrid,6,0,True
219,1728 FV,"Williams, Dawson and Bell",evening,2000,FZHP26121673270636,high,diesel,2,0,False
220,2RJY 18,Combs Ltd,class,1993,FPZT99756636465015,high,electric,8,2,True
221,V03-UPP,Parrish-Young,can,1997,GNGV90250568980253,normal,diesel,4,0,True
222,13KG5,"Watkins, Miller and Bishop",keep,2018,JUSP76463447802946,normal,electric,6,0,True
223,219 PSF,Guerrero-Yoder,national,1998,RRPW64742927593130,high,hybrid,6,2,False
224,6ZB 329,Werner-Anderson,provide,2020,ROAB24755561217955,high,hybrid,8,2,True
225,5Q JM189,Soto-Smith,give,1993,JTRN67156440993187,normal,electric,2,2,False
226,4NMA 84,"Quinn, Watson and Jones",upon,2017,LOSO48055976672929,high,diesel,8,1,True
227,4EC7494,Perez LLC,ability,2002,ODQW88085691312094,high,electric,6,1,True
228,492H5,"Ryan, Garcia and Turner",product,2005,WJFX05648294087184,normal,diesel,6,1,True
229,HW-8430,Anderson-Vasquez,how,2011,RGUX65352749283781,normal,diesel,4,2,False
230,EIR 349,Ward PLC,week,1994,MEJT19685876298763,high,diesel,8,0,False
231,EEN 277,"Clements, Sellers and Lynn",just,1994,FVUJ37831697963218,high,electric,8,1,True
232,X68 7UW,"Estrada, Estes and Ellison",record,2020,ZEAR98906288779798,normal,diesel,4,0,False
233,7KA Y32,"Santiago, Hale and Johnson",couple,2018,HKMC20104231496262,normal,electric,4,0,False
234,6-81610,Brady PLC,decade,2012,CGHW40630645450109,normal,diesel,5,1,False
235,HLD 188,Houston-Nolan,wife,1997,NXPQ94212465575886,high,hybrid,5,2,False
236,Y91-01C,Walsh-Williams,tend,1996,YNMF42759300690776,normal,hybrid,4,0,False
237,0JH 261,Holland-Gonzalez,a,2010,QVEP44773473081806,high,hybrid,2,0,False
238,771312,Morgan Ltd,use,1998,WWGU21428358233828,normal,diesel,7,2,True
239,QVV 732,Moore Ltd,cell,2000,TRBH06553241174924,normal,electric,6,1,False
240,02QY9,Hernandez-Crawford,bring,1991,LLVO11118479855764,normal,electric,4,0,True
241,4F YP069,Goodman-Olson,trial,2015,XIKZ97710182476815,normal,diesel,4,2,True
242,CSG1636,English-Lynch,paper,2004,DXTY98669415421944,normal,hybrid,7,1,True
243,M76 8HW,Keller-Williams,perhaps,1992,TFGY87051984385568,normal,hybrid,4,0,False
244,36X 9399,Hooper Inc,free,2014,YOLZ21440417519529,high,diesel,6,0,False
245,YUC 309,Jimenez Ltd,institution,1994,DQMU32833141908584,high,hybrid,7,2,False
246,3D 94953,Garner-Dyer,remember,1996,RKMC45091126929247,normal,hybrid,5,0,True
247,5OM 749,"Burgess, Mooney and Williams",ability,2000,RMVZ68662640876494,normal,diesel,7,1,True
248,3-E2700,Collins-Smith,serious,2019,TGXL20955584444090,normal,hybrid,3,0,False
249,FJH 164,Gibson Ltd,perhaps,1990,WFXR18582960303044,normal,diesel,4,1,False
250,339-932,"Steele, Jones and Williams",information,2012,KXRX45497288895533,normal,hybrid,5,0,True
251,OP6 G8E,Porter-Rodriguez,act,2003,AKFO86354450668212,normal,electric,4,0,False
252,3V IT103,"Murray, Cole and Quinn",while,2016,YYLV42521779399372,normal,diesel,8,2,True
253,IA1 R6I,Farrell-Singh,several,2006,RTZQ51549258956149,normal,hybrid,6,1,True
254,CXA-9184,Stewart Inc,box,2009,HIDQ16169453683067,high,diesel,2,1,False
255,702-VUR,Gallagher and Sons,section,2012,ASRC20639379980877,normal,electric,8,2,False
256,826 LDJ,Spence and Sons,fire,2015,KRPT50987788687946,normal,hybrid,2,0,False
257,KFK9275,Chavez-Vincent,coach,2010,JKJR38343375520069,high,hybrid,6,1,False
258,GN-1465,"Morgan, Rivers and Stevenson",expect,2018,HKKH21541363650812,normal,hybrid,8,1,True
259,JWU-1318,Calderon-Frederick,more,2005,AINH90667509238692,high,hybrid,6,2,False
260,9T 00260,Rodriguez PLC,gun,2006,WNKP68437318487874,normal,electric,3,1,True
261,A59-10L,Delgado PLC,trip,2023,RBWB87908485376467,normal,hybrid,8,2,False
262,OQE 237,Freeman-Olson,deep,2010,UFTW35791332494786,normal,hybrid,6,0,True
263,WV4 O1O,Harris-Schneider,data,2020,XQIN67410488314611,high,hybrid,3,1,False
264,2W 5U0WOD,Colon Inc,while,2005,HCRM10841054258917,high,diesel,7,1,False
265,OR 6108,Williams-Thomas,maybe,2002,JDAK91078471830124,high,electric,6,1,True
266,4W 64826,Hart-Monroe,believe,2008,ZDTL45469113246899,high,diesel,3,0,False
267,0L 8I1HKU,Allen-Brady,summer,1999,ZRVK65811652420396,high,electric,6,0,True
268,EXH 229,Williams-Ruiz,thank,2023,BHPE35282097775197,high,diesel,4,0,True
269,761 0XT,Jones-Davis,company,1998,SEFV83353282822948,normal,hybrid,4,0,False
270,YKW 296,Price-Andrade,state,1996,COUC64276277737520,high,diesel,3,0,False
271,206L4,"Richard, Li and Richmond",laugh,1992,DHAM06581932223105,normal,diesel,3,1,False
272,499851,Irwin-Mendez,produce,1993,WWKG77007312775468,high,hybrid,7,1,False
273,6A286,Gould Group,fear,2010,EWWU28130373696510,high,diesel,7,1,True
274,202A,Gordon-Barnes,break,1992,MPZH08751884299478,high,electric,4,0,True
275,LPG-0943,Paul LLC,you,2023,WGQX37502382166054,normal,diesel,7,1,True
276,041-OUU,Lindsey and Sons,magazine,1996,INHJ51578288529941,high,hybrid,8,0,True
277,411 1WF,Lowe-Sexton,push,2017,ZGOZ25283175496081,high,electric,7,0,True
278,73T E27,"Walsh, Grimes and Smith",person,2005,WXVM89622237506537,high,diesel,7,1,True
279,39J 707,Navarro and Sons,approach,2012,VEDJ88020691285151,normal,electric,3,1,True
280,9YD 756,Johnson Ltd,sit,2010,LNZL02871258496686,high,hybrid,5,0,True
281,J17-52V,"Berry, Anderson and Woods",something,2010,GWPS97076823604253,normal,diesel,5,2,True
282,4-41591R,Huynh-Williams,growth,2012,VZCS00042511686281,high,hybrid,3,2,False
283,9ARY 13,Burns Ltd,movement,1993,KXMW67478426593769,normal,diesel,3,2,False
284,678-QGXU,Cervantes-Johnson,party,2019,VHDC62592696470856,high,hybrid,5,2,True
285,275F,"Ruiz, Gardner and Hutchinson",step,1998,APIU83405835693993,high,diesel,7,0,True
286,20-KC08,Richardson-Conley,member,2022,SSKL68545833088178,high,diesel,5,1,True
287,8NH7552,"Huang, Smith and Bennett",morning,1995,ZWTJ43862008097486,normal,hybrid,2,2,False
288,91H 6166,"Rivera, Morgan and Whitaker",rock,1993,GXXQ43608773260355,high,diesel,6,1,True
289,ZTO-7716,Deleon PLC,research,1994,BYVR32087319402269,high,diesel,6,2,True
290,61K Q92,"Rivers, Hodge and Swanson",threat,2010,ESDN93339783485382,high,diesel,7,1,False
291,533-363,"Williams, Valdez and Moran",dark,2022,COIF36175098973126,normal,diesel,6,0,False
292,4EJ J79,Stevens-Aguilar,wait,2015,WUHO61848019580052,normal,electric,7,1,False
293,30Q•104,Lucas LLC,a,2009,BTXY48318186437458,high,hybrid,4,1,False
294,7X 56741,"Hunt, King and Smith",century,1994,CONO73943660234325,normal,electric,5,1,True
295,513-HVV,"Edwards, Stephens and Williams",perform,2004,ZTCU03805136490257,high,diesel,2,0,False
296,495-629,"Miller, Adams and Mcbride",receive,2022,IYUZ66961301004178,normal,hybrid,6,2,False
297,RJO6488,Davis Inc,continue,2014,FOOJ20252984226215,normal,diesel,7,0,False
298,72V X65,Cuevas-Rodriguez,population,2022,VRIU03895734251242,high,hybrid,7,1,True
299,MME 355,Day Ltd,first,2017,ADDJ11314370570494,high,hybrid,8,2,False
300,SLN-041,Jones LLC,generation,2002,XAHC22939822409933,high,diesel,8,2,True
301,HCJ-083,Ryan Ltd,loss,2019,RXNN96169677710236,high,hybrid,6,2,True
302,93L P29,Miller-Chavez,wear,2004,PXIU01544623098269,high,diesel,2,1,True
303,488-EFT,"Bowman, Brennan and Fritz",scientist,1990,AUBK68756262964589,normal,electric,2,1,True
304,89-OD98,Perez-Reeves,consumer,1994,QDOW42092590005411,high,hybrid,3,2,True
305,92-3048R,Foster LLC,station,2019,URZG51490837774397,normal,electric,4,0,False
306,VNU 247,"Sandoval, Gutierrez and Santos",television,2014,PRGZ95425125928792,high,hybrid,6,0,True
307,01E•495,Cole and Sons,yes,2017,OEGJ80094485893065,normal,electric,4,1,True
308,22MK0,"Yu, Pierce and Miller",clearly,2007,TUFI16250629897981,normal,hybrid,2,1,True
309,T52 8JN,Miles PLC,president,2009,DAGI70116892726243,high,hybrid,6,1,True
310,MOE 510,Simmons and Sons,class,2019,RPDL77028143749614,high,diesel,5,1,True
311,532 XZL,Lawrence-Mitchell,power,2018,XWFV74563742429049,high,hybrid,6,2,True
312,5C 0U4GOL,Mcdonald LLC,interest,2013,ZQIU29885764336944,high,electric,7,0,True
313,787-ZLV,Castro Group,sell,2015,PZCN47659123027215,high,diesel,8,2,False
314,592AL,Walker and Sons,next,2007,APID33267330114453,high,electric,5,1,True
315,4Q954,"Sanders, Gonzales and Frederick",economic,2002,GQOJ58664630193324,normal,diesel,7,1,False
316,I58 2ZX,Wood-Russell,well,2002,ZMXI19328250156683,normal,diesel,4,2,True
317,641K7,"Guerrero, Cox and Nelson",degree,1994,RHII39079328668402,high,electric,4,0,False
318,O 290819,Burke Inc,authority,1990,GEDQ46615016892220,normal,hybrid,2,0,True
319,807Y,"Weber, Gates and Nelson",production,1998,YIRI80815709796290,high,electric,4,1,True
320,ZEI 174,Williams-Bowen,seek,2022,PMYK68422362947440,normal,diesel,7,0,True
321,DGS 858,Mitchell Group,reality,2019,TGMK82585219091743,normal,hybrid,6,1,True
322,HPK 256,Brown-Robinson,son,2022,NKPI16487279813017,high,electric,3,2,True
323,149-JDD,"Gutierrez, Ramirez and Cole",stock,2005,STBE22977824859207,high,electric,8,2,True
324,PHX-8466,"Young, Fletcher and Arellano",bad,2015,HXFT19308289614934,high,electric,6,1,True
325,4RX 491,Gates Ltd,rate,2016,ZIJW64952215541419,normal,diesel,7,1,True
326,8O 5047J,Murphy and Sons,Republican,2007,JLSE52289808030414,normal,electric,5,0,True
327,3J108,Davis-Tran,part,2009,YTHG19606458379238,normal,electric,4,2,True
328,31J 0431,"Carney, Hogan and Rogers",animal,2007,GZHX05090237007366,high,hybrid,4,1,True
329,32RO0,"Chambers, Sweeney and Schroeder",feeling,1998,MVLR76857752904142,normal,electric,4,2,False
330,695 7408,Quinn-Ford,value,2014,XSHF53455697414062,high,hybrid,5,1,False
331,707 ZHY,"Lopez, Ross and Cabrera",kind,2010,KQBM23568799394789,normal,hybrid,6,0,False
332,53K 4230,Oconnor and Sons,first,2003,NYKM18537706744334,high,electric,3,1,True
333,729 9ES,Jackson LLC,stop,2007,SOKW24903955923759,normal,hybrid,5,2,False
334,X20-47L,Gonzalez Group,appear,2006,RNTL30527984004573,high,electric,3,0,True
335,EF2 0807,Baker-Miller,raise,1991,AIOU63284267528910,normal,diesel,2,2,False
336,073 LWK,Ruiz Ltd,apply,2019,HULX88380095841416,normal,hybrid,4,1,False
337,M 628739,"Hernandez, Mccarthy and Kelly",spring,1994,TNSN35311015248052,normal,electric,8,2,False
338,FAQ-2582,Branch-Diaz,bit,1992,GUQO85913056204352,normal,diesel,5,1,False
339,7CT G92,Hall-Richardson,need,2016,THSQ97600903002884,high,electric,2,2,False
340,188 FU0,Brooks Group,less,2011,LRSE92563054058257,high,electric,3,1,False
341,RG 8511,Smith-Malone,kitchen,2000,DIRR18585490068860,normal,diesel,3,0,False
342,W64 5YK,Abbott-Gomez,explain,2000,PWEK80566635854439,normal,hybrid,6,0,True
343,9FDW 65,Hernandez Group,car,2022,WDME70800554117359,high,diesel,2,2,True
344,83-91774,"Carpenter, Gill and Gutierrez",minute,2008,IECM75955015954738,high,electric,4,0,False
345,17-41849,King-Briggs,hair,2009,JLCZ15270189092197,high,hybrid,7,1,False
346,0BY A77,Cohen PLC,threat,2016,WRFA86257374402726,high,electric,2,2,False
347,9VGV 23,Mcdowell Group,newspaper,2017,NKQB49001440801412,high,electric,2,2,True
348,7LZ5396,"Velez, Beck and Smith",interview,2004,GNHK51428860162481,normal,diesel,3,2,True
349,92F J92,Clark-Taylor,production,2019,THJN39194094420999,high,diesel,2,0,False
350,UG3 U0D,Wilson and Sons,majority,1991,LQAT91571603712823,normal,hybrid,6,0,True
351,269L7,"Perez, Peterson and Turner",others,2005,MDRK48909339214582,normal,diesel,4,2,True
352,87-12424,"Perry, Williams and Jenkins",wrong,1994,VNTO01422267670923,high,electric,4,2,True
353,781 6GN,Gonzalez Group,sit,2005,IDDQ13383840713113,high,electric,8,2,True
354,971 FNB,Mclean Inc,activity,2015,NHWQ38001538191243,normal,electric,5,1,True
355,768 6217,Jenkins PLC,teach,2003,MHUS66625302727682,normal,diesel,8,2,True
356,IV9 E4V,"Conley, Thomas and Baker",only,2000,IDUX26651906104288,high,diesel,3,0,False
357,505 8021,Johnson and Sons,their,2021,BURK47406772975272,high,electric,6,2,True
358,26-91021,"Hinton, Anderson and Smith",present,1997,KFOW65658722068456,normal,electric,6,2,False
359,BRL 677,Vazquez Ltd,product,1996,XQNA30356606739225,normal,hybrid,7,0,True
360,35-1050U,Thomas-Salazar,course,1990,MKUL55904948647166,normal,electric,2,0,True
361,227 BE4,"Wright, Santana and Price",benefit,1997,IZAX35681012963770,normal,electric,7,2,False
362,880 TLW,"Howard, Rocha and Moss",Congress,2001,QJPO64736838659637,high,electric,7,0,True
363,826 NPT,Scott-Thomas,western,1990,KYHS15558421256422,high,hybrid,2,0,True
364,3-3645C,Alexander LLC,but,1990,VORH57452838802190,high,electric,2,1,False
365,XHL6617,"Marshall, Mccall and Campbell",dark,2011,NUZR20308464458115,high,hybrid,5,0,False
366,260 CMS,Higgins Inc,ten,1993,WPZK30795609028448,high,hybrid,4,2,True
367,VKK 473,"Morris, Lara and Wilcox",west,1995,THWO04157787486828,normal,hybrid,8,1,True
368,KPS 722,"Brown, Walker and Hartman",behavior,1991,GLFK47800558842390,normal,diesel,3,2,False
369,6XOX 04,Ryan-Curtis,art,1993,UJZM72949062425019,high,hybrid,3,0,False
370,638-XTF,Campbell-Harding,key,1992,NRDJ56924553631606,high,diesel,8,1,False
371,6F NG093,"Fleming, Martinez and Anderson",year,2001,YEKV92961325103975,high,diesel,5,2,True
372,445 YVR,Caldwell Inc,woman,1996,GJKR50307675264650,normal,electric,7,0,True
373,YWE 4898,Wiggins-Higgins,fact,1991,SJOW90350719508891,normal,electric,6,1,True
374,08-72255,"Valentine, Rush and Werner",piece,2010,BYAB52102017783033,normal,diesel,3,2,True
375,9C 0244G,Dean LLC,government,2021,EYYF20549170378517,high,electric,5,2,True
376,T03-WIJ,Jones PLC,safe,2008,TRKL67518825583740,normal,electric,2,0,False
377,1-O0802,Bell LLC,these,2001,HPXX46023307164096,normal,diesel,7,0,True
378,CLF 874,Adams LLC,training,2014,XLOD39535045945840,high,diesel,5,1,True
379,666-375,Roberts Ltd,change,2018,NEAF14247061630096,high,hybrid,5,1,False
380,09W MJ6,Turner and Sons,speak,2016,YVRS66596700902446,normal,hybrid,4,2,False
381,NWG 676,Sloan-Page,close,2016,KGJX00148031633473,high,hybrid,3,2,True
382,2OR B37,"Gardner, Harris and Perez",television,2015,FZZZ45660656068752,normal,hybrid,4,2,False
383,5451,Jones and Sons,company,2006,SZUO80659294638377,normal,electric,2,2,False
384,QUQ-950,"Hunter, Carter and Gutierrez",artist,2011,MWUD49499122711989,high,diesel,7,1,False
385,5PMQ 96,"Colon, Thompson and Massey",late,2018,INMD69330421112850,high,electric,6,0,False
386,68T•799,King Inc,design,2023,OUNS19339270620964,normal,electric,5,1,True
387,ACN-7701,"Vargas, Mack and Cain",kind,2021,YTDR09424816781021,high,diesel,2,0,False
388,AJG 315,Harris-Nicholson,century,2005,JNZX43193393796058,high,hybrid,4,2,True
389,XWV 433,Mann and Sons,live,1997,CQBW87459142835189,high,hybrid,5,2,False
390,1PK B67,"Pope, Duncan and Santana",gun,1993,HWNS75124239391724,normal,hybrid,5,1,True
391,4731 YL,Sullivan and Sons,our,2014,IDZH34335440288244,high,hybrid,8,2,False
392,963-QKG,Roberts LLC,effort,2000,LHKG14883966512162,high,diesel,2,0,True
393,5S 21385,Estes-Perez,section,1990,UCMH57901184274839,normal,diesel,2,1,True
394,9K 94356,Alvarado Ltd,senior,2019,VNJP31444061680273,high,electric,7,1,True
395,809 FJZ,Knight-Stokes,court,1991,TDAZ12360165638940,normal,electric,7,2,False
396,404Y,"Medina, Robinson and Russo",even,2021,JUSK97715229985835,high,electric,2,2,True
397,HDB 062,"Smith, Campbell and Parker",note,2008,KTCS28757418343468,normal,hybrid,6,0,True
398,116 CDN,"Ford, Turner and Kim",station,2020,NLDM92334096912685,high,electric,8,1,True
399,223 AJJ,"Garcia, Ortiz and Rhodes",structure,2008,AOXX61469919021562,high,hybrid,5,2,True
400,09FS897,Jones LLC,these,2002,MVQI81447106265261,high,diesel,3,1,True
401,6HQ Z60,"Bautista, Lawson and Castro",college,2001,FBHY42245507113874,normal,hybrid,6,1,True
402,406 NDE,Miller and Sons,at,2021,MISU89038637428245,normal,hybrid,2,0,True
403,9YZ 328,Hall-Butler,someone,2013,ABJT60482386335382,normal,electric,3,0,True
404,HBV-957,Evans and Sons,modern,2001,UUUY84943059844297,normal,diesel,5,0,False
405,966 UVO,Webster-Copeland,six,2023,FEOK14012650541962,high,diesel,6,2,True
406,FZK-2638,"Sherman, Bishop and Gonzalez",however,1990,ZPMH82093918713546,normal,electric,8,0,False
407,999 HN6,Burns-Berry,recognize,1992,NEMJ95692892663435,high,diesel,5,1,False
408,HH-8975,"Smith, Johnson and Cross",own,1996,NFPL52276004143210,normal,hybrid,4,1,True
409,716 0NF,"Edwards, Pena and Clark",modern,1994,PTZV41380450759866,high,hybrid,4,1,True
410,722-SQH,"Hoffman, Hogan and Woods",discussion,2008,YECE90489399119433,normal,electric,5,2,True
411,MWF 821,Jennings-Scott,figure,2013,DTNS94163501058206,normal,hybrid,8,1,False
412,107 4JW,Perez-Higgins,budget,2000,VJFG82518107484731,normal,diesel,4,2,False
413,1163,Costa-Allen,but,2006,YKYR25271307102811,high,diesel,2,2,False
414,6S 22927,Olsen Ltd,herself,2012,QDIN09573408427246,high,electric,5,1,True
415,201 SQK,Wang PLC,toward,2023,VDAL56428003648831,high,diesel,8,2,True
416,0629 JI,Ellis-Bailey,five,1991,RRYQ08473394770351,normal,electric,6,2,True
417,653 1WF,Doyle Inc,hard,1995,JMLK05964317813832,normal,diesel,8,1,False
418,KIZ 351,"Jackson, Weaver and Archer",view,1992,DRQG28483257360499,high,diesel,2,0,False
419,HYM7447,"Compton, Lopez and Braun",left,2005,HFVS38281201910663,high,diesel,7,0,False
420,264 MZF,Le PLC,feeling,2017,ZBXS95585223807990,high,diesel,4,1,False
421,ISC-6557,"Trujillo, Gonzales and Archer",pretty,2003,EPUL13022883311767,normal,hybrid,6,0,True
422,624-KHC,Parker-Pace,realize,2015,QEAI96983237387666,normal,diesel,6,1,True
423,582-OJB,"Hernandez, Meadows and Short",huge,2014,SIYV53955728547197,high,electric,6,0,True
424,089-VBB,Rivera and Sons,what,1996,BJCE61828560315409,normal,diesel,5,2,False
425,C 696495,Mayer Group,whom,2005,FEFO39458247585035,high,hybrid,5,0,False
426,LCR 537,"Hall, Reyes and Leonard",white,1991,QGUL59709651447245,high,hybrid,2,2,False
427,728 UCI,Taylor Inc,everyone,2023,BGTX88114321440692,high,hybrid,6,0,False
428,422D8,Huffman Group,contain,2003,STZH27822553684035,normal,hybrid,3,0,False
429,MJE-443,Lynch-Davis,man,2011,WSGQ72009928587353,normal,diesel,5,0,True
430,PTG-081,Roberts-Long,another,1991,ZDQD70560420534647,high,hybrid,3,2,True
431,8E 1112V,"Kim, Smith and Henry",play,2015,YVRY73875845485883,normal,electric,3,1,False
432,2IN 152,Castillo-Cowan,international,2001,IORB05186572767188,normal,electric,2,2,True
433,053 4288,"Gates, Jenkins and Martin",together,2010,DDPQ07383495266123,high,hybrid,4,1,False
434,1IJ V48,White and Sons,wrong,2002,ZLHY48195464498586,high,hybrid,4,2,False
435,7JQ N82,"Suarez, Patel and Fisher",throw,1995,PXVM95092599571769,normal,hybrid,5,0,False
436,418 UOZ,Rodriguez Ltd,employee,2017,DSUA10939686221161,high,hybrid,8,0,False
437,047851,Boyer-Santos,but,2007,IIWF06095854036122,normal,hybrid,3,1,False
438,B75 5BP,Martin-Simmons,feel,2016,OLNI56615118684019,high,diesel,8,2,False
439,6V 5W5RPE,Wilcox-Davis,light,2017,AWOK65871450186241,normal,diesel,7,0,False
440,58JD872,Valdez-Medina,activity,2021,APNK12781970262416,high,hybrid,7,1,True
441,HIK 020,"Martinez, Moreno and Phillips",color,2011,MFFL33643402429288,high,electric,6,1,True
442,AWN-442,Anderson-White,take,1993,YJNR30362458555897,high,diesel,3,2,False
443,764UY,"Ellis, Thompson and Johnson",situation,2009,DJWQ61063664253219,normal,diesel,3,2,True
444,4IX5415,"Martin, Curry and Barnes",even,2003,RNVE32026256613174,normal,diesel,2,0,False
445,IWB-6684,"Lawson, Fox and Mcbride",assume,2020,BXMD22042839879255,normal,diesel,5,0,False
446,47H 747,Taylor and Sons,though,2022,VRAV07624150945446,normal,diesel,4,2,True
447,68M•938,Gonzalez Ltd,dog,1997,GDYF62161110557612,high,electric,3,0,False
448,579 DOG,"Morris, Williamson and Reyes",become,1998,STMT92808203571685,normal,hybrid,3,1,True
449,50V•712,"Scott, Gentry and Moore",near,2016,BHWD67351126630512,high,electric,7,0,True
450,18-CN96,Martinez Inc,experience,1996,BFBV41699902830524,high,hybrid,6,1,True
451,69-D755,"Dean, Anderson and Manning",use,2007,IIFH73626632156669,high,electric,2,1,False
452,GZE 985,Burns-Morales,another,1998,MWJE64817137191836,normal,electric,3,0,False
453,9-4599L,Tanner-Mitchell,fear,2023,UFHU45238587866994,high,electric,2,2,False
454,KQG 819,"Cox, Holmes and Osborn",factor,1999,RQOY30900314736013,normal,diesel,2,1,True
455,1AP 103,Benjamin PLC,appear,1998,NRMA16517947232337,normal,diesel,4,0,True
456,69-LN29,"Roberts, Lowe and Bell",time,2008,YRPN31377142883688,normal,diesel,7,0,False
457,131-GWU,Kennedy-Fletcher,certainly,2011,AKYH82492849762941,normal,diesel,4,2,True
458,56J 395,"Clements, Wilkinson and Cabrera",happy,2017,WIDZ07958760868231,normal,electric,2,2,True
459,3C TU497,Ellis Ltd,national,2009,TTDQ28697550707324,normal,diesel,8,0,True
460,QEB-5003,"Smith, Mcclure and Galvan",glass,2004,SNAG71319976871588,normal,hybrid,3,1,False
461,XYU 637,Torres-Moore,Mr,2005,NQID20535979539455,normal,electric,4,2,False
462,QAZ-3178,Patterson-Cabrera,on,1992,AYJF40304391186845,high,hybrid,8,0,False
463,335 GXH,Brewer-Molina,energy,1999,MKDE37963423747980,normal,diesel,2,1,True
464,847 MFS,"Mueller, Hopkins and Silva",style,1999,HZBK58434566885731,high,electric,8,1,False
465,SUT B05,"Moreno, Contreras and Cunningham",prevent,1997,PTRS39111437628469,high,electric,8,1,True
466,3A 16905,Warren-Marshall,allow,2019,YDSQ57507979572411,normal,hybrid,5,2,True
467,4E 0615R,Crawford LLC,visit,2019,HCZX09229194208596,high,hybrid,8,2,True
468,4N 97829,"Turner, Pratt and Adkins",person,1996,HRJP18242591455855,normal,diesel,8,2,True
469,4VQ6042,Lane LLC,recognize,2016,NWKP47947041766422,high,electric,3,0,True
470,ICS-678,Brown Inc,it,2004,QNCU25445136765307,normal,electric,8,2,True
471,DBT 244,Hines PLC,herself,2017,DVOI49719549102356,high,hybrid,5,1,True
472,065-YQH,"Ferguson, Figueroa and Ward",less,1992,QBYU39256396845245,normal,hybrid,5,0,True
473,239 UAP,Freeman PLC,second,1996,DXDU75498889193885,high,diesel,8,2,False
474,JN 00799,Martinez PLC,change,2013,CNDY91544407055660,high,diesel,6,2,False
475,37-4086X,Snyder-Baker,food,1993,ONHR09475284148275,normal,hybrid,2,0,True
476,6RG B00,Woodard-Ford,not,1993,FNAH04761424017321,high,hybrid,6,0,False
477,ZKY-0653,Smith Group,despite,2019,PIQQ98845087146610,high,electric,4,1,True
478,HCY 474,"Lambert, Dennis and Le",water,2021,MRTD20575326635366,normal,electric,4,2,False
479,595LQI,"Lee, Simon and Johnson",official,2008,CFEY34408748198209,normal,diesel,6,0,False
480,VLG5184,Goodwin-Grant,next,1998,HFMV13245042530809,normal,diesel,2,2,True
481,3KNR796,Guzman-Hardy,foot,1992,EPME23649149769262,normal,hybrid,2,1,True
482,HYM 650,Sanchez Group,hospital,1998,ETCE42592614908598,normal,hybrid,6,0,True
483,HV 84631,Summers-Chapman,high,2002,HVZA44696682663116,normal,electric,3,0,True
484,2736 OS,Bradley LLC,final,2008,RBUU85775457658534,high,electric,2,2,False
485,287 LFB,Harris-Gutierrez,argue,2015,MLRL54088981583580,normal,diesel,6,2,False
486,6E 51642,Hayes-Martinez,network,1994,ZVVL13032221678312,high,hybrid,3,0,True
487,045 QBK,"Parrish, Haney and Johnson",candidate,2012,EYTW04865973226497,high,hybrid,8,1,False
488,466 SUM,"Miller, Ochoa and Wilson",professor,2016,NOEI66796849117501,high,electric,6,0,False
489,53PN7,Scott-Mcguire,move,1994,ZRLI76453981316492,normal,electric,8,1,True
490,819 FQS,Fernandez Group,your,1995,BZCB37664787777359,normal,electric,6,0,False
491,492 MIP,Parks and Sons,quality,2003,LCPW47906722978750,normal,electric,2,2,False
492,7833,Murray Inc,move,1997,ZKKM24313895123784,high,diesel,3,0,False
493,645 HIQ,"Cherry, Young and Houston",thing,2000,BELY45307124429166,high,diesel,4,0,False
494,N46-QAX,Cruz Ltd,thousand,2019,HUDW47374880757681,normal,electric,6,2,True
495,804 VZM,Long PLC,hair,2001,HLDB71107654521754,normal,diesel,4,1,True
496,9JP 901,Murray-Williams,pressure,2004,CVUZ06726585908533,normal,electric,8,0,True
497,B23-JGN,"Howard, Proctor and Moore",late,1994,KMBR60796168210429,normal,hybrid,7,2,False
498,767SPY,"Coleman, Vega and Johnson",campaign,1992,SAZE28002179112212,high,electric,5,0,False
499,F40 8NO,Maldonado and Sons,memory,1990,QNOR35880880753107,high,hybrid,6,1,True
500,9907,Vega-Wise,sort,1995,IODZ82695025236468,high,diesel,6,0,False
501,389 JCM,Walsh PLC,order,2013,FCES32485956202656,high,electric,4,1,False
502,8IYJ 83,Kelly-Walker,wear,1991,PYFL66708775876036,normal,electric,7,2,True
503,406-QHO,"Rodriguez, Johnson and Norris",sometimes,2004,LMRY34073144566932,normal,electric,5,0,True
504,231-EOV,"Lewis, Reed and Rogers",young,2007,BDMJ29278689692295,normal,hybrid,8,2,True
505,484-EKA,"Vasquez, Jackson and Moore",week,2000,JJRF31751058247382,normal,hybrid,5,1,False
506,31O G72,Carter LLC,dream,2000,AINM14792718383216,normal,electric,8,2,True
507,847 IUB,"Martinez, Peterson and Garcia",weight,2020,HUVZ46263150310064,normal,electric,2,2,True
508,962AOF,Moore Group,position,2013,KOUM67787164437053,normal,hybrid,8,2,False
509,I73-63Y,Santos LLC,fire,2003,YAPH79708463508456,normal,diesel,5,2,True
510,31-8602X,"Graham, Williams and Stanley",laugh,2014,CXZR25955355938555,normal,diesel,2,2,True
511,667ZX,Boyle and Sons,include,2000,LCYB50027024570313,high,electric,7,0,True
512,9LI K71,Arnold and Sons,week,1991,MYAI83062756490946,normal,diesel,5,2,True
513,7N PB323,"Strickland, Fowler and Roberts",fire,2019,AZEC01384081436300,normal,electric,4,1,True
514,VHY 307,Harrison-Reynolds,set,2016,VWXQ65238142336448,high,diesel,2,2,True
515,JHD-038,"Richardson, Brock and Summers",situation,1997,XISZ34984928610336,high,electric,8,2,True
516,324TQT,"Gutierrez, Mcfarland and Davis",career,2014,IPOR38769187504855,normal,diesel,5,2,True
517,505453,Gomez PLC,war,2003,LBLZ46028649766033,high,diesel,5,2,False
518,024 DWW,Mccarthy-Mccarthy,energy,1997,XVVH04317228164959,high,diesel,8,2,True
519,BST-000,Baker and Sons,ever,2009,JFGW17561182372045,normal,diesel,7,2,False
520,ISD 933,Barron-Moore,consumer,1994,HUAU50807998408233,high,hybrid,6,1,True
521,3ZI1170,Dominguez Group,create,2019,DRCI91521910619838,normal,electric,5,2,True
522,573956,Lopez and Sons,nature,2001,PEMP57203458214764,normal,hybrid,6,2,False
523,05-1507T,"Franklin, Silva and Johnson",actually,1994,IVHP44096228668109,normal,electric,6,2,True
524,OBF 708,Dunn Inc,represent,2020,VVNT59051588862211,high,hybrid,7,1,False
525,363 BIS,Chapman-Norris,own,2004,CJCW77815242363127,normal,hybrid,8,2,False
526,88-PX18,Donaldson Inc,reason,2009,JRRT78371586638973,high,electric,3,1,False
527,7427,"Robles, Henderson and Anthony",follow,2001,RTLH86983757965816,high,diesel,2,1,True
528,760-153,Bates-Andrews,turn,2001,TZWH14988037682479,normal,electric,4,2,True
529,85-6633J,"Fitzgerald, Pena and Vargas",nice,2002,OMIZ22279194619667,high,hybrid,4,0,True
530,2MS 128,Clay-Kennedy,so,2021,YIDU08153896432449,normal,electric,6,0,False
531,28Y D48,Martinez Ltd,important,2022,AGVF84099384807795,high,diesel,7,0,True
532,588-ZUQ,"Lara, Simpson and Moore",morning,2004,KGXO34690666692152,normal,electric,5,0,False
533,4-15778,Schneider and Sons,trade,2007,NIHC86006134646841,high,electric,5,0,True
534,VRF-7020,Johnston and Sons,early,2011,USKY08517766326384,normal,diesel,6,0,True
535,3-2597A,"Chaney, Robbins and Fitzgerald",bill,2007,NOQD22389058519580,normal,hybrid,5,0,True
536,504 8EO,"Chavez, Rice and Hopkins",blue,1994,EKJK77741553095704,high,hybrid,4,0,False
537,QVA-577,Gonzales Group,tend,1995,IRXE16916662140331,normal,electric,4,2,False
538,1CF D11,Ramirez-Strong,fact,2002,ZIQM62914421613502,high,electric,4,0,False
539,857 BZN,Powell PLC,talk,2009,KEQR01135850637800,normal,diesel,6,1,True
540,710 JX8,Gray-Frank,yard,1991,GQRN17676345754879,high,hybrid,8,1,False
541,70M N88,"Reid, Robinson and Morrison",how,2017,OQQY62723468373790,normal,hybrid,2,0,True
542,2-Z1957,"Haynes, Lawson and Mullen",strategy,2010,MXIR78367116443771,high,hybrid,6,0,True
543,8-69558W,"Perry, Dixon and Russell",church,2022,SYFD90838875698372,normal,diesel,4,1,True
544,658 TYR,"Everett, Wilson and Wilson",performance,2020,KDTS08450263178363,high,diesel,8,0,True
545,LBT 653,"Wilson, Church and Wallace",dinner,2004,OWZO11197445250868,normal,hybrid,4,0,True
546,54J EA9,"Perry, Ross and Wright",real,2007,EULJ20601365670968,high,electric,4,1,True
547,3H 4M6ZFW,Jennings-Castro,no,2012,VTEL58199946766002,normal,electric,6,1,False
548,70B•636,Jordan PLC,dream,2015,BKMO78587288671308,high,hybrid,5,1,False
549,453-CRS,"Macias, Turner and Scott",from,1998,DPJW43174356030459,normal,electric,8,0,True
550,FGM 711,Shaw-Jenkins,arrive,2012,NDJH40829561943102,high,electric,3,2,False
551,602-GTV,"Gutierrez, Brown and Mueller",four,1997,AVPA45984780786882,normal,diesel,8,1,False
552,939 ZFQ,White and Sons,own,2007,OQHU90536818454732,high,hybrid,8,0,False
553,FH9 4595,Hall-Rojas,energy,1998,DZDY00615891028780,high,hybrid,6,1,True
554,LYJ 325,Jensen and Sons,money,2022,IQZD35770630387671,normal,hybrid,2,0,False
555,NFC-3926,Rodgers Group,well,1997,GESX48684897528958,normal,hybrid,7,2,True
556,412 KKO,Blackwell LLC,baby,1993,KMDJ75570772056136,normal,hybrid,7,2,True
557,3D 5N3OCE,"Romero, Obrien and Wall",later,2004,WOAD50331669020672,normal,diesel,7,1,True
558,420 HOK,Woods and Sons,even,2011,UFXY01916353736276,normal,electric,4,2,True
559,LHV 499,Adams PLC,part,2009,VUZQ85089265378110,high,hybrid,3,1,True
560,49E U22,"Jones, Hale and Harper",pull,2013,RCWK60462410154355,normal,diesel,8,1,False
561,8OT55,"Nicholson, Harris and Wyatt",suddenly,2007,IYKG37495602176173,high,hybrid,6,0,True
562,FFT-6168,"Beck, Stokes and Williams",away,2021,TYRF91144242386609,normal,electric,6,2,True
563,3-2990Z,Fernandez-Conway,bit,1994,UBSE85422744171835,normal,hybrid,7,0,False
564,054-531,Mcdaniel LLC,someone,2022,EWAZ31158931405270,high,hybrid,5,2,False
565,ZMX-8105,"Richardson, Hale and Collier",out,2014,MFXY30780610242958,high,electric,2,0,True
566,689KLT,Thompson Inc,defense,1999,MUIE01630049186879,normal,diesel,4,1,True
567,SJF-3876,Morgan and Sons,alone,2003,QVLY25410534304396,high,electric,6,2,False
568,0LT 624,Ross Group,at,2011,UPIN78505073235784,high,diesel,5,1,True
569,MKA-4399,Dean Ltd,billion,2019,RYLY55032956417822,normal,electric,3,0,True
570,14N 4512,George-Smith,should,1995,KYOS74383997223549,high,diesel,6,0,True
571,LTR-5801,"Ortiz, Guerra and Davis",discover,2009,MEGU76355132270836,high,hybrid,8,0,False
572,MRP-765,Smith-Walker,drive,1994,SCIW44554751372555,normal,electric,8,2,False
573,285 DMC,Jones-Schaefer,add,1998,YSYO62780994470589,high,diesel,4,1,False
574,NYW-933,Wiley-Obrien,watch,2006,FHII20856947567878,normal,electric,8,1,True
575,2DH9445,Vaughan Group,drop,2020,WDQW50007042021244,high,hybrid,6,1,False
576,0M 6P5VBY,Howard and Sons,behind,1996,ZDZP18012648244451,normal,hybrid,8,2,True
577,966 YGY,Woodard Group,customer,2009,YMZW89603129442275,high,hybrid,2,1,False
578,86H 612,Richardson-Taylor,become,2017,DZIH88664463338263,high,diesel,8,1,False
579,244-SDE,"Mitchell, Torres and Clayton",catch,2015,SBSH55959223985892,high,electric,3,1,True
580,MIA 272,Daniels-Smith,explain,1997,EUWB44736432012562,high,electric,2,2,False
581,PS 41057,Evans and Sons,throw,2014,EJJE52794667484160,high,hybrid,3,0,False
582,6RT 200,Williams Ltd,wide,1991,KGWU06480341440260,high,hybrid,7,2,False
583,63-L614,"Bell, Villegas and Walker",what,2022,SLRO50846572184323,high,hybrid,2,0,True
584,TPR 063,"Marquez, Conway and Manning",analysis,1990,BKZC98999195568070,normal,diesel,6,2,False
585,IWK 297,"Hensley, Pineda and Lindsey",should,2019,RIGA17883241490231,high,electric,7,0,True
586,33-4067C,Rowe-Frey,at,2022,UPVB45785040849377,high,hybrid,7,0,False
587,HAF 068,"Riley, Thompson and Smith",once,2005,SNSA83234314193644,high,diesel,4,2,True
588,AMV 851,Wang-Jones,although,2006,EFIZ76925502254511,normal,hybrid,2,1,True
589,DJA-710,Kramer-Gibson,kitchen,2005,VZAX16806206873760,high,diesel,2,2,False
590,S98-71G,"Nelson, Manning and Gomez",list,2010,ALWE83428249222260,high,hybrid,5,1,True
591,TK6 U1A,Collins-Jackson,travel,2010,MRTY70844733391112,high,diesel,4,1,False
592,HJN 290,Wilson-Mccormick,spring,1992,DHAT88998547435250,normal,hybrid,6,0,False
593,6OO07,Lopez-Matthews,memory,2011,EBOL04624933283391,normal,electric,8,0,False
594,797-JXY,Pratt-Torres,deal,2006,YVUH32505994065023,normal,electric,2,0,False
595,297 3868,Monroe-Baker,may,2014,FXGW57052449464959,normal,diesel,5,0,True
596,401V1,"Cross, Morales and Henderson",just,2017,DIJX98988948425122,high,diesel,5,0,True
597,3PA 499,Chang-Gamble,marriage,2020,XQFJ19218088811289,normal,electric,3,0,False
598,012 DP5,"Rodriguez, Duncan and Nelson",offer,2013,OZIS23834742871761,high,hybrid,3,1,False
599,OAT-5675,"Singh, Davis and Myers",yeah,1993,LVPB84374676230921,normal,hybrid,8,0,False
600,MWQ 445,Simpson Inc,six,1999,FTDH45557155397522,normal,diesel,3,0,False
601,8FS4452,"Wilson, Watson and Hicks",particular,2001,ZTGR00257899545700,normal,electric,4,1,False
602,592PN,Sullivan-Lewis,war,1999,FQQE55116699802228,normal,hybrid,3,2,True
603,7-4816S,Ortiz-Alexander,teach,2021,SHJR13755311528841,high,diesel,8,0,False
604,45D F20,Scott-Ford,sure,2023,UGMY76313265974472,high,hybrid,8,0,False
605,AH-4051,Lam Group,forget,2020,EKJE57754562177458,high,diesel,2,2,False
606,425 IUH,Henderson PLC,many,2011,SDZG21509813659797,normal,hybrid,3,2,True
607,0K731,"Osborn, Saunders and Ortiz",four,2016,FFMT89817724209484,high,hybrid,3,0,False
608,32J 2761,Smith Group,fight,2009,FQTL67007716147612,normal,hybrid,8,0,False
609,PY 8175,"Myers, Ramos and Walsh",his,2001,WMZW04415414852260,normal,diesel,3,2,True
610,433 2008,"Vasquez, Brown and Moore",another,1992,HRKO09518731992485,high,hybrid,2,1,True
611,247-STG,French PLC,sort,2001,UKMI93537531794055,normal,hybrid,3,2,True
612,7VI 210,Fox Inc,free,2010,ZQOD42773006395424,normal,electric,3,1,False
613,67O 3997,Keller Inc,free,2010,QEBB10641826128545,normal,hybrid,2,1,False
614,494 HMR,Rodriguez-Brooks,newspaper,1993,EKWA71015004178861,normal,diesel,6,1,False
615,OAC6414,Nguyen-Ortiz,use,2013,CBHV94104844534655,high,hybrid,2,0,True
616,956 4ZN,Taylor-Bell,street,2012,IYCI68488233955902,normal,electric,3,2,True
617,BDC 893,Jones-Shannon,consider,2001,ERXJ16425746554070,high,hybrid,4,1,True
618,17-F882,Campbell-Morales,off,2019,NQUW50214147019610,high,hybrid,8,2,False
619,YR 00449,Buchanan-Ellis,power,2008,DSZU11214590484469,high,hybrid,3,0,True
620,6SP F80,Rice Group,natural,2015,BPLP06227935698306,high,electric,6,1,False
621,9-G3125,Ross-King,finish,2014,KWPE64486262689988,high,electric,5,0,True
622,4K 57548,Gaines-Reyes,wait,1996,EEKP60446235787747,high,electric,2,2,False
623,MTP 389,Roberts-Conley,perform,2014,JDTJ21517168801396,normal,diesel,6,2,True
624,479 0OP,"Sanders, Wong and Lee",wish,2006,XNNQ40481592566837,high,diesel,6,2,True
625,SDQ 922,"Diaz, Gillespie and Mcpherson",conference,2013,PENU66746751012097,normal,diesel,6,1,True
626,1V N9587,Lee-Jones,company,2014,JUQQ75259463579463,high,electric,5,1,False
627,8-W6714,Ingram-Gray,do,2008,LYSC12797773956295,high,hybrid,2,0,True
628,973 TVT,Baker-Mejia,mission,2005,VUWK08199071418890,normal,diesel,6,1,False
629,48OH374,Salazar LLC,agree,2008,FFUO28352223375338,high,hybrid,2,2,False
630,QED-829,Valdez and Sons,red,2020,ITWO30462834515727,normal,diesel,5,2,True
631,2FI7373,Johnson-Wright,area,2023,MEHA86518166175342,high,diesel,3,2,True
632,MRE 509,Smith-Arellano,around,2020,UXRF95755204726688,high,diesel,2,1,True
633,O28-27A,Wiggins PLC,prepare,2020,JVGL82226006772109,high,diesel,3,0,True
634,6GT A53,Payne Ltd,ability,1992,JJIO17551638014385,high,electric,5,0,True
635,21-7976L,Casey-Robertson,front,1998,HCTM34971778921673,normal,diesel,3,2,False
636,ZTZ 1483,Hernandez Group,stage,2022,ZDPY13782814738920,normal,diesel,6,2,False
637,509WCQ,"Glass, Morris and Cross",certain,2001,CGIF39176293465470,high,electric,5,0,False
638,KCM 389,Porter-Young,study,1998,KROB55545202755232,normal,diesel,2,2,False
639,16D 964,"Richardson, Mccarthy and Warren",end,2005,BALF15488026786030,high,hybrid,7,0,True
640,ZTX-6173,Marshall-Turner,agree,2008,KGBA01067385321690,high,hybrid,6,1,False
641,6TI13,Dunn-Fowler,perform,1994,GXOV28741267024156,normal,diesel,2,2,True
642,JHV 8229,"Sanchez, Liu and Lucas",carry,2007,XLVR82582372705453,high,diesel,6,2,False
643,24-08838,"Smith, Brewer and Mora",simply,2020,DJDZ84355390469287,normal,diesel,5,0,True
644,532-UFC,Rodriguez-Howard,behavior,1992,CHEY80814231504458,normal,diesel,7,1,False
645,GBU 919,Anderson PLC,bring,2004,BEQP69611766705535,normal,hybrid,8,1,True
646,HCY 3697,Palmer-Powell,laugh,2012,NSVS56803500782374,high,electric,6,1,True
647,265TK,"Thompson, Rice and Patterson",miss,2011,IFWJ35236941104611,normal,hybrid,8,0,False
648,MII-053,"Torres, Thomas and Marshall",lose,2007,YDME12146601368659,high,hybrid,3,0,False
649,920 1YH,Smith and Sons,consumer,1997,BLVV06065064491518,high,diesel,5,2,False
650,4FJ 786,Heath Inc,statement,2023,HCIJ25345854853401,high,diesel,8,0,True
651,RDN 634,"Cobb, Torres and Spencer",mother,2020,OIUV81817748771933,normal,hybrid,7,1,False
652,752-LER,"Torres, Perez and Black",there,2001,MWBJ37966733990739,normal,electric,3,2,False
653,8W 13705,Turner and Sons,trouble,1998,YBGZ96657855075428,normal,diesel,5,1,True
654,8FB 343,Jordan Ltd,quality,2013,BXKN24292128396393,high,hybrid,5,0,True
655,92U 9971,"Perez, Davis and Johnson",traditional,1996,OJOF22652015772111,high,diesel,7,0,True
656,3JK 631,Barber PLC,public,1999,LPSW92020568817081,high,electric,2,1,False
657,HL5 2061,Wright-Mitchell,development,1992,AOYQ61926752723723,high,electric,5,0,True
658,A58 4IC,"Bond, Hunter and Hart",color,1992,QAYZ56430269809799,high,diesel,2,0,False
659,73L 5455,Cortez Ltd,crime,1998,JFNH46055419364073,high,hybrid,7,0,False
660,6-G7989,"Allen, Jackson and Lang",billion,2020,TFIP55640669314316,high,hybrid,6,1,True
661,8194,"Garcia, Cooke and Douglas",others,1991,TKWI29753032357968,normal,hybrid,4,1,True
662,TLK 831,"Burke, Williams and Valdez",go,1990,XPMX09586259704873,high,diesel,7,1,True
663,VGO-201,"Hull, Compton and Smith",fall,2008,CSNS96944854310798,normal,diesel,3,1,True
664,ZG9 9636,"Haley, Miller and Anderson",police,2013,TDAO18249619675229,normal,electric,2,0,False
665,565 WKF,Payne-Anderson,to,1995,UUYO35130880466789,high,electric,3,1,False
666,211COH,Rodriguez Inc,specific,2021,GWKJ98024307640645,normal,electric,4,1,True
667,4617 KG,Jackson LLC,fund,2021,YBPW27782749074904,normal,hybrid,6,2,True
668,HHW 396,"Key, Roman and Kelly",act,2003,OMWW16733595700163,high,hybrid,2,2,False
669,YGP 367,Hardy-Lewis,leader,2006,XOHZ59364134938296,normal,diesel,6,1,True
670,ZXE 304,Richardson-Martinez,total,2010,YFHN57479507823169,high,diesel,4,2,False
671,FRS-2400,Marquez-Simpson,they,2021,XZYB92810156161126,normal,diesel,7,2,False
672,SUX 935,"Walton, Garcia and Morris",red,2013,ZLBG49242386408383,normal,hybrid,6,1,False
673,DB6 6248,Rojas and Sons,check,2022,YEAB50118878862699,high,hybrid,6,1,False
674,31I V24,Anderson PLC,of,2003,QZPT47028131348738,normal,electric,5,2,False
675,0GCB 57,White-Kirk,son,2017,GZHM91137150145288,normal,diesel,4,0,False
676,U52 9PD,Ray-Williams,watch,2021,ZEIG75286217546296,normal,hybrid,3,2,False
677,WYH 129,Johnson PLC,miss,1999,LBWZ57227052220545,normal,electric,4,1,False
678,5SS9967,Bates-Harris,thought,2006,KSDF03274441769839,high,electric,4,0,True
679,381-035,Hall Ltd,put,2015,UUMG71220423961963,normal,hybrid,3,0,False
680,9Y997,Harris-Patel,city,2012,WHAP12324595878848,high,diesel,3,1,True
681,727FNJ,Murphy-Johnson,left,2018,YPLB62003462935319,high,hybrid,7,1,False
682,SEJ 817,Simmons PLC,camera,2019,NLSU73088113729763,high,hybrid,6,0,False
683,YTI 6231,"Shannon, Pierce and Robinson",real,2008,TECP82866565118645,high,electric,4,0,False
684,QPB-6106,Ortiz PLC,project,2016,VTUA23875209290267,normal,electric,6,1,True
685,XHF3550,Olson-Smith,choice,2013,IDHM16120631716140,normal,electric,8,1,False
686,3642,Robinson-King,whose,2016,EDIS97210865935115,normal,diesel,7,0,False
687,P31 2DP,Hoffman LLC,these,1992,DJSC92702800718105,high,hybrid,7,2,True
688,052Z6,"Sawyer, Spencer and Robinson",computer,2017,OQEG55989270188487,normal,hybrid,3,2,False
689,ZBO 618,"Riggs, Allen and Lawrence",game,2023,BKGJ97292663266169,high,electric,2,2,False
690,CYC 823,"Russell, Zhang and Sanchez",tree,1993,IHKK50690762771252,high,hybrid,4,1,True
691,LXR 292,Fletcher-Thomas,scientist,2020,HLTQ26531271351949,high,hybrid,8,1,False
692,8-20153,"Ramsey, Webb and Nunez",truth,2005,POXW02414871389436,normal,diesel,4,2,False
693,456I,Phillips-Guerrero,exactly,2004,AQYE67363558622066,normal,electric,7,1,False
694,132JWT,"Bishop, Young and Kelley",program,2004,ASHX04043611414460,high,diesel,3,2,True
695,MSW-8063,Clay Group,product,1996,VCNW92331245805292,high,electric,5,0,False
696,31R VS6,Guerrero-Knight,several,2006,CTYP64902745258852,normal,hybrid,6,0,False
697,611YP,Rasmussen LLC,future,2005,DPRG15406660847388,normal,diesel,6,2,True
698,519 YAS,Norton Inc,us,2009,CRVT63870457300159,high,diesel,4,1,True
699,BKY 616,Thomas and Sons,ground,2004,NKPF22016845293235,high,electric,8,1,False
700,4854,Taylor-Fleming,my,2011,WALT54193192508882,normal,hybrid,5,2,True
701,19V O23,Barber-Thomas,both,1996,ZLPU34264067189001,normal,hybrid,8,2,True
702,DMC 147,Smith Ltd,half,2016,ISZK91933527490015,normal,electric,2,1,True
703,628 XXK,"Griffin, Barrett and Spears",not,2008,HMYV84413603598786,normal,hybrid,7,2,True
704,5UU92,Collins LLC,appear,1999,ITVQ25768082018365,high,diesel,6,1,False
705,777 EHS,Moore-Baxter,pay,2000,UUKX12929506984764,high,hybrid,6,0,False
706,528-IAB,"Roberts, Rodriguez and Ferguson",already,1993,XHNM13436962369966,high,electric,7,0,True
707,895 AIV,"Morrison, Morris and Mendoza",team,2020,BYBG35753543836152,high,electric,6,2,False
708,312 HE3,"Wyatt, Henderson and Torres",sign,1997,VMTF70722872199714,high,diesel,6,0,False
709,ONV1009,"Archer, Kelly and Chambers",million,2022,BIPN40169779420696,normal,hybrid,3,2,True
710,354-AZK,Morales LLC,despite,2010,NMFZ16167694605207,high,hybrid,4,2,True
711,2CPV 45,Adams and Sons,skill,2013,VGXN68840379930687,high,diesel,3,0,False
712,517A,Harris and Sons,buy,2015,GUDF57506133439931,normal,electric,4,0,False
713,4M 24945,Miranda and Sons,coach,1993,LZXW40575576087505,high,electric,7,0,False
714,852-389,Gray Group,room,1997,PGZC75585489672797,high,electric,2,0,False
715,552 XKC,Braun LLC,table,2016,JWFY37134828212217,high,diesel,8,2,False
716,084 LMG,"Ramos, Horn and Vargas",without,2010,DYQA54105154425550,normal,diesel,4,2,True
717,93C RY4,Miller-Singh,might,2005,ZGBM72352182014821,high,electric,5,2,True
718,144-CZG,Fowler PLC,thing,2009,HLCN64436034182382,normal,hybrid,2,2,False
719,947AN,"Schroeder, Hodge and Jones",physical,2010,JYFQ98087959856537,high,diesel,4,1,True
720,K18-UHM,Lowe Inc,matter,2002,YSNA65947142763214,high,hybrid,2,0,False
721,VHQ-2428,Santana Ltd,take,1991,UFSL57269412942728,high,electric,3,1,True
722,BJ6 W8I,Lopez-Valdez,record,2015,IJMK70016982852420,high,diesel,4,2,True
723,NMB-142,Harper Group,organization,1993,JNWS16913737946435,high,diesel,5,0,False
724,3LA42,"Stevens, Gomez and Nguyen",young,2019,BRGR93386647504491,high,diesel,2,2,True
725,48U•680,"Thomas, Gray and Rodriguez",everything,2022,BKZF88080521700987,normal,electric,6,1,False
726,5-30918N,Key-Robinson,else,1991,GDIB04216673871886,high,hybrid,4,0,True
727,891794,Macdonald-Parker,town,2023,ZPPS62403746512334,high,hybrid,4,1,True
728,MEC 423,Wilcox-Mckay,watch,2018,DKIB65941254911792,high,diesel,2,2,True
729,IOG 556,Barnes-Hicks,table,1994,XCEN64296864231115,high,hybrid,7,2,False
730,76B I09,"Riley, Marks and Gilbert",computer,2016,FOWZ98089455404773,normal,electric,4,0,False
731,I58 9YZ,"Wallace, Calderon and Price",growth,1991,ABXU18768894631352,high,hybrid,6,0,False
732,5858 LH,"Garrett, Taylor and Castro",order,2012,QVVQ46116674949571,high,hybrid,7,0,True
733,YSZ 874,Mcintosh Inc,case,2012,GZEI73912336920219,high,hybrid,3,0,True
734,33-4492G,Carr-Hamilton,consumer,2012,ANSG25194152757981,normal,electric,6,2,True
735,9UQ 941,"Wilson, Sullivan and Owens",deep,2017,UBUV75395874192238,high,diesel,5,2,False
736,235 BQY,Lee Ltd,career,1996,OHHT50805149152136,normal,hybrid,4,1,False
737,8390 UE,"Kirby, Norris and Chen",film,1996,PKFD26617890420781,normal,electric,8,0,False
738,LOF 838,"Snow, Vasquez and Johnson",first,2004,HJBW43220771573481,normal,electric,6,1,True
739,HMJ 364,Carr Group,everybody,2021,ZSUH25623796170860,high,electric,6,0,True
740,QWI5231,Black-Brown,head,2000,PSBJ08340510496402,normal,hybrid,4,1,False
741,WVT5979,Hardy LLC,three,2006,TCCJ58795560271415,high,diesel,3,1,True
742,S79 2BT,King Inc,though,1990,HGJK19081075952119,high,electric,4,0,True
743,0G 7363M,Johnson-Martinez,occur,2018,PPWS76533071289703,normal,hybrid,7,2,True
744,KAZ 329,"Webb, Munoz and Collins",media,2009,ARVJ42848267147615,normal,electric,7,2,False
745,4HW U61,Bell-Mitchell,she,2010,FPHJ61714975473146,high,hybrid,8,1,False
746,28-74932,James Inc,range,2005,GFBT05207751783071,normal,diesel,3,2,False
747,911 7JF,"Johnson, Delgado and Nelson",among,1998,MQIG13817702771670,high,electric,2,0,False
748,952 XAP,"Yang, Noble and Mejia",hope,2010,NDGG14515080626565,normal,diesel,2,2,False
749,866-VSQ,Ellis Inc,poor,1997,ATCM82994051158266,normal,electric,7,0,False
750,815-XHR,Robinson Group,today,2020,DIJY11879257138844,normal,diesel,8,1,True
751,303-YXC,"Gentry, Chan and Mclean",product,2013,SNNA45899199178496,high,diesel,7,2,False
752,KCQ5140,Fry-Ward,stay,2015,GZWR87523338168782,high,diesel,4,2,False
753,OYP-917,"Anderson, Chapman and Barry",peace,1998,LHOJ28721143394131,high,electric,6,2,True
754,433HES,"Cox, Sanchez and Hodge",during,1993,TTAZ00768044619163,normal,diesel,6,0,True
755,173 8HA,Jones-Johnson,wife,2003,OBUF93271636391755,high,diesel,4,2,False
756,878 MT7,"Long, Alexander and Powell",discussion,1992,IPOM70797669387411,normal,electric,4,1,True
757,3P 4J9JJG,"Davis, Watson and Espinoza",family,2004,JKFS06084013904591,normal,hybrid,4,2,True
758,95E Z37,"Wilson, Hamilton and Newman",trade,2001,OWYI64259110624562,high,hybrid,8,1,True
759,0MB 239,Zuniga-Hampton,college,2008,EDOO25377838399110,high,diesel,7,0,True
760,4527,Brown Ltd,discussion,2013,WPPH46279785065287,high,diesel,7,2,True
761,085 ROG,Clark-Cruz,accept,2003,OIMV84712661679130,normal,electric,3,1,True
762,411582,"Neal, Clark and Robinson",dinner,2009,TBDK73247647733734,high,hybrid,8,0,True
763,28-75711,Stout-Johnson,government,2021,UIVQ34762447171652,high,electric,6,0,True
764,MW 9821,"Montes, Cain and Holmes",war,2002,MJMI73295701757823,normal,electric,6,2,False
765,2E503,"Foster, English and Hudson",police,2023,YGLD78603372369998,high,diesel,4,1,False
766,RAT-685,Foster-Boyd,nature,1990,RJHI39862049745716,high,diesel,4,2,False
767,WNU-7777,Cabrera-Jones,for,1992,SJZI43366995141307,high,diesel,7,1,False
768,SKX-9613,Gordon-Richardson,stage,2014,OHDA10725682622784,high,hybrid,3,1,False
769,TJV7619,"Jones, Garcia and Hudson",various,1992,MCXQ49384610944024,high,electric,8,1,False
770,H99 6CF,Armstrong Ltd,board,2011,BTHG03105393806047,high,electric,3,2,False
771,41-QS62,"Lewis, Dougherty and Short",power,1994,PAJR43488191145155,normal,electric,7,1,True
772,228 AHZ,Mitchell-Richardson,region,2021,GPMT37684269323223,high,hybrid,3,0,False
773,219 UNF,Johnston-Ferguson,company,2023,MMAA15328808032576,normal,hybrid,6,1,True
774,480 GCH,Johnson LLC,develop,1992,FISE74586412487626,high,diesel,2,2,False
775,6TN A51,"Jenkins, Schmitt and Olson",management,2012,DWWK55078655137133,high,diesel,7,0,True
776,012CXW,Young PLC,agree,2008,WDCA45280473637050,normal,diesel,4,0,False
777,B 574597,Jacobs LLC,involve,1996,MWOL61958328378162,high,diesel,4,2,True
778,64B 352,Hamilton LLC,brother,2002,JBBK92664335112970,normal,hybrid,8,1,True
779,852 VEG,"Vazquez, Smith and Wu",pass,2022,WOPP96990442364254,normal,hybrid,5,0,True
780,WBT 862,Green-Jackson,five,2000,ISZE98710781684096,high,hybrid,4,1,False
781,6CJ2532,Roberts-Bennett,answer,1999,LAZB98505406083759,normal,hybrid,5,1,False
782,530Y2,Oliver-Jones,magazine,2005,QIEB46019527455255,high,electric,2,2,True
783,279 7102,Thomas LLC,minute,2023,VEPC48160045746825,high,diesel,6,2,True
784,283-XRF,Hill Ltd,believe,1990,QJHH78780365552737,normal,electric,7,0,True
785,474G,Davis and Sons,indeed,2005,KDCE96558215001466,normal,electric,7,2,True
786,GV 51844,Wright-Cox,myself,1995,DIJF91342747046242,normal,electric,8,2,False
787,WT8 C6E,"Cherry, Lloyd and Martinez",along,2002,KCZS96287137073325,high,hybrid,5,2,False
788,272-RXS,"Dennis, Morgan and Wilson",discuss,2000,ARBY82124649730381,normal,diesel,2,2,True
789,ENB7703,"Willis, Allen and Harrison",low,2011,PIPL77477011755372,normal,diesel,4,0,True
790,882 TYK,Smith Ltd,way,1999,OCCN49909665445255,normal,electric,3,2,True
791,PSJ-0446,"Sexton, Williams and Williams",off,2009,RWIU05161408617227,high,hybrid,7,1,False
792,2-31720V,Watson-Owens,individual,2013,GRKV16766274784257,normal,diesel,8,0,True
793,39Z Q25,Turner-Good,music,2008,TMMT47109842115344,normal,diesel,6,2,True
794,6BT 416,Ray and Sons,five,2019,VYWG43957840863898,high,diesel,5,1,True
795,L78 3NX,Kidd-Davies,painting,2003,WICC46955902025277,normal,electric,6,0,True
796,1HQJ 47,Flowers Inc,pass,2008,NRYE61709206949106,normal,hybrid,3,1,True
797,KRH 213,"Williams, Davis and Sloan",tend,2000,NVFB99216963488528,normal,electric,5,0,True
798,33I M89,Moran-Holloway,moment,2003,JHUB85072146897516,high,hybrid,5,0,True
799,MIX 097,"Landry, Baker and Harvey",himself,1994,MEHX97677355614069,high,hybrid,7,2,False
800,GYZ 197,Joseph-Harrison,rich,2022,TUIG76761457193083,high,diesel,6,0,True
801,SXC 4791,"Martinez, Francis and Cunningham",research,2011,UGJI51318476697747,high,hybrid,3,1,True
802,EYS 614,Mcfarland-Casey,true,1991,RUYH56876222803426,high,electric,8,1,True
803,4M 79956,Ferguson Group,indeed,2012,RWQL62368434895489,high,hybrid,4,2,True
804,392 2GE,Ross Ltd,answer,1995,KAHR28097902117511,normal,hybrid,3,2,False
805,DMM-420,Pierce PLC,situation,2016,AYQP81910635819502,high,diesel,3,1,True
806,762 PRI,Miller-Riley,close,2003,VLGQ67224747799835,high,diesel,8,0,False
807,NVM 936,Callahan Group,two,2023,DUGL71132933183710,normal,diesel,7,1,False
808,KIB 512,Ruiz-Howell,pick,2011,UAPW50784228955696,high,hybrid,3,2,True
809,MSS-3008,"Obrien, Ramirez and Stokes",project,2003,SIMG90146278503705,normal,electric,5,2,False
810,623 MJM,Garcia-Mcmillan,law,2019,XSDJ82278331587252,normal,electric,6,2,False
811,E53-94M,Smith and Sons,you,2017,SRGJ12906112000864,high,electric,8,0,True
812,910 CJA,Delgado-Jones,be,1999,VDBD11074169269530,normal,hybrid,6,1,False
813,UJA 067,"Young, Reeves and Perkins",politics,2009,AGCK90794384381488,high,hybrid,2,1,False
814,1L 65621,"Jensen, Lawrence and Spears",around,2003,TEOX43783277026179,high,hybrid,6,2,False
815,15-70069,Mcconnell and Sons,animal,1998,ASXG07440072841723,high,electric,6,2,True
816,WR 7014,Stephens PLC,still,2007,PTJD72010279443180,high,diesel,8,2,True
817,686 JGF,"Meyer, Page and Ballard",card,2008,UEWH85462653704651,high,electric,8,0,False
818,97F H47,Smith Ltd,ground,2015,IOCD08531169397534,high,hybrid,4,1,True
819,BWL-7070,Johnson-Hess,dinner,2013,WUAD61010727836529,normal,electric,2,1,True
820,ROB-4212,Williams PLC,movie,1999,SUHL65781702124577,normal,diesel,4,1,False
821,758-PTKP,"Santiago, Wilkerson and Schaefer",remain,2019,PCIQ61329527987192,normal,diesel,4,0,False
822,484 BPI,"Thomas, Wheeler and Simon",certain,2020,HICZ47555715821397,normal,diesel,5,0,False
823,XZW4798,Brown Group,western,2002,DTYQ76563442436497,high,diesel,7,1,False
824,21-X705,Reyes-Galvan,fear,2014,IXNN74134922695733,high,electric,5,2,False
825,013-OCN,"Coffey, Figueroa and Medina",research,2008,CKKM11744427319973,normal,electric,6,0,False
826,83H I05,Rodriguez Inc,purpose,2001,VLBH01888186736650,high,diesel,4,1,True
827,049XSC,Mitchell-Keith,bit,1995,WFCI04575859112496,normal,electric,6,2,False
828,MTQ 883,Garcia-Gutierrez,stay,1998,IRJU08588444751544,high,hybrid,8,1,True
829,EYB 271,Ross Group,however,1994,TNGX96377208544777,normal,electric,3,2,False
830,314-VJB,"Fowler, Mcgee and Ochoa",already,1994,YFMJ53843236129327,high,diesel,7,2,False
831,US 65791,"Smith, Johns and Bowman",born,2022,UYZU77544324612004,high,electric,6,2,False
832,HSL 973,"Mckenzie, Boyd and Cole",would,2000,JNRA30209914674556,normal,electric,7,1,False
833,4A Q4735,"Huynh, Martinez and Mendoza",them,1996,ZYIF42942646469423,high,diesel,2,0,True
834,974 ILM,Boyd Inc,almost,2010,RHOG52985500464526,high,electric,6,0,True
835,QMF 957,Thompson-Lara,compare,2015,IOAU51840081709327,normal,electric,8,0,True
836,TEJ-501,Burke-Duncan,pay,2007,SDNB22018611976800,high,diesel,7,2,False
837,3BX2856,James-Rasmussen,federal,1992,XTZA48994378908700,normal,hybrid,6,0,False
838,511 KVN,Walls-Hansen,check,2020,DEND12577427260944,normal,hybrid,3,0,True
839,254-ZJS,"Miller, Price and Green",age,2022,PCMG74486579144637,normal,electric,7,1,True
840,993-NJQ,"Bell, Franklin and Richardson",daughter,2005,TFMW48877337849109,normal,diesel,3,2,True
841,AP 7769,"Smith, Berger and Gaines",conference,2008,HLEV19320632195965,high,diesel,6,2,True
842,84-F629,"Cooper, Schwartz and Ruiz",natural,1998,XAGG05352397394259,high,electric,5,2,False
843,8RR W92,"Brown, Newman and Pratt",entire,2010,XYSJ71039077157599,high,diesel,7,2,False
844,O21-RYM,"Burns, Thompson and Craig",situation,2003,ODZC75046660294656,high,hybrid,2,2,True
845,03-N390,Davidson-Payne,per,1993,ZGZV29190323984889,high,diesel,2,1,True
846,JYQ-153,"Jensen, Hughes and Shea",shake,2007,FLIP76446126333178,high,hybrid,3,1,True
847,9ER 442,Nash-Roberts,already,2023,IQXY93336441395458,normal,electric,8,0,False
848,UB4 O9R,Calhoun and Sons,grow,2019,GLKE97205419503498,high,diesel,3,0,True
849,8-B8862,Brown PLC,general,2002,JIAJ33746478792104,high,diesel,7,1,False
850,09N•405,"Porter, Mann and Beltran",man,2006,FCZD70814264485704,high,diesel,4,2,False
851,R24-63S,Stewart Inc,person,2022,ITUI86819560089685,normal,diesel,7,1,False
852,RJ-1113,Barnes PLC,over,2018,WUNQ19327266996415,normal,electric,2,1,False
853,99-KA56,Guzman-Williams,pattern,2021,KLNN43910324968944,normal,electric,8,1,False
854,768-XYN,"Church, Mason and Andersen",deal,2015,JLXA84709932542450,high,hybrid,4,1,False
855,019 AKC,Harris Inc,because,2011,SEJL49749393273906,high,diesel,8,0,False
856,MYB 140,Glover Inc,feel,2022,BVMV20579831685962,high,diesel,4,2,True
857,M 990478,Schultz Ltd,fund,2006,IEWM02920770054150,high,diesel,2,0,False
858,530-ZZL,"Fields, Garner and Green",such,2022,WSBO75219514453503,high,hybrid,4,0,True
859,055 DUU,"Wells, Rodgers and Dunlap",board,2013,XLJL17149352465830,normal,hybrid,3,0,True
860,8872,Trujillo-Rogers,politics,1995,DNTR73850319469025,high,diesel,6,1,True
861,2TJN 60,Hernandez-Jones,long,1994,WAKO82743949355268,high,hybrid,2,1,True
862,51FM8,Johnson-Miller,eye,2023,FNEB38866418224082,normal,hybrid,7,1,True
863,420-HGXI,Johnson-Smith,worker,1997,RUDB36443148449393,normal,hybrid,5,1,True
864,284-XLP,"Wilson, Martin and Conner",run,1996,FUVC29840805883474,high,electric,4,0,True
865,144 MNG,Cooper-Moore,draw,1990,XJQC92102782022673,normal,diesel,7,0,True
866,7XPM 16,"Cohen, Combs and Ramirez",sound,1995,KZZV39354904562770,high,diesel,7,0,True
867,76X A99,Chavez Inc,part,2007,FKIB81208484754174,normal,electric,8,2,False
868,940-DDL,"Lloyd, Young and Hammond",home,1993,QXWX43841507674158,high,hybrid,5,0,True
869,YT 5622,Baker Inc,tend,2022,KCKW84105645075668,normal,diesel,6,1,True
870,2BK 154,Norton and Sons,player,2004,GUHA23630755719689,high,electric,6,0,True
871,334 FNP,Pierce-Davis,growth,2016,LJNT48838896732208,normal,hybrid,6,1,True
872,610 KKB,Smith-Mills,girl,1998,ICNK97116585483866,normal,hybrid,3,2,False
873,2HU5419,"Stephenson, Harrison and Mathews",suggest,1997,THNG81637457286472,normal,electric,4,1,True
874,475EB,"Ingram, Contreras and Rodriguez",wife,1993,KPSA12564420626475,normal,electric,7,1,False
875,RSG 969,Armstrong Inc,face,2009,XEYR96795000823012,normal,diesel,3,2,False
876,GVZ 800,"Wang, Jones and Villanueva",middle,2003,JGBE23827312134915,high,diesel,6,2,True
877,N00-DIL,"Medina, Davis and Trujillo",card,2016,PGOG16327754281881,high,diesel,5,2,False
878,4-1450X,Miller LLC,ever,2012,WIAF83166650626451,normal,diesel,4,0,False
879,LOI 004,Conley and Sons,though,2020,KCKK97047927683601,normal,electric,8,0,True
880,MSU 773,Roberson Group,field,2022,HPMW06260774178315,high,electric,4,0,True
881,63B U75,Martinez-Snow,wonder,1990,OZSQ95841096514383,normal,hybrid,4,0,True
882,172 HTM,"Brown, Simmons and Phillips",environment,2014,LMNG01889023350748,high,diesel,8,2,False
883,FN8 6148,Gates Ltd,happen,2016,ASGN76254300162595,normal,electric,4,2,True
884,47-79628,Fitzpatrick Group,argue,2007,GTHC38335728636759,normal,diesel,8,1,False
885,336 OAU,"Miller, Hardin and Roberts",model,2017,RVHL41853753885331,normal,electric,4,1,False
886,T06 7LC,Hurst LLC,store,2011,QPSR18078276942466,high,diesel,8,1,False
887,IPH3664,Jones-Ford,field,2020,JPFN98285546608391,high,electric,8,1,True
888,743 3MO,"Miller, Brown and Kelley",contain,2016,HMOJ42537268654911,normal,hybrid,5,0,True
889,VOQ 852,"Kelly, Miller and Collins",rather,2001,RVQM82490259601042,normal,hybrid,8,0,True
890,674BV,Lopez-Green,north,2001,AJHI45196575477940,normal,hybrid,4,1,False
891,6OM 116,"Lawrence, Alexander and Ford",then,1999,YSRQ09997359526252,high,diesel,5,2,False
892,VPM-110,"Mendez, Lynn and Ball",listen,2013,HYZV91300679490310,high,hybrid,2,0,True
893,4RW2580,Webster Inc,deep,1992,IWVA31503862497601,normal,diesel,3,2,True
894,PTF-9610,Howell-Stewart,put,1999,RFPV02139854775277,normal,hybrid,6,1,True
895,QIL 150,Howell-Martin,drop,1997,EJTC28320408897840,normal,electric,4,1,False
896,66T B12,Williams LLC,new,1997,AQSS71117044533056,normal,diesel,4,0,True
897,026-KDQ,"Anderson, Coleman and Higgins",theory,1992,OKVE15574217328276,normal,diesel,7,0,True
898,ENM E83,Collins Inc,talk,2012,PNTJ64202185655873,normal,diesel,6,1,False
899,9A 05033,Mcconnell Inc,civil,2009,FOJK55379306955497,high,electric,3,1,True
900,BSA U02,Brown and Sons,wrong,2002,WZTO87973725141751,normal,diesel,2,2,True
901,34-H212,Green Group,practice,2013,YDGD97173333763824,high,electric,6,0,True
902,4-02878,"Conway, Love and Tate",arm,2007,QAWE61676144740220,normal,electric,7,1,True
903,323C4,Clark Ltd,up,2012,LZHM63813948614233,high,electric,5,1,True
904,35TL882,Williams PLC,even,2022,KDZD60780385113053,normal,hybrid,5,2,False
905,292 WGA,Nunez-Edwards,stage,1994,QXDE76954371438679,normal,diesel,3,2,True
906,OOZ 5355,Diaz Group,property,2017,GMYL32472654848057,normal,diesel,4,2,False
907,067 8IJ,Atkinson-Lucero,agency,2009,UEIO38838673941858,high,diesel,4,2,False
908,748 UH8,Mitchell-Cook,visit,2009,ZRUI18329879966260,normal,electric,4,2,False
909,479 IOU,"Sellers, Newman and Gomez",present,2019,BBLZ03298403960175,normal,diesel,8,2,True
910,2FDD 92,Jackson Inc,within,2019,TNKV49763902275777,high,hybrid,5,2,False
911,624-LEW,"Lloyd, Mccoy and Beard",husband,2006,WSTV75775226699753,normal,electric,2,1,False
912,110 DTE,Anthony-Scott,compare,1992,DGYS58330671006842,high,hybrid,8,0,False
913,WKW0552,Mullins-Thomas,look,2005,LGSO62363370534173,normal,hybrid,3,1,True
914,19D 5192,Cook-Davis,single,1999,QAYA65087856226298,normal,diesel,5,2,True
915,217 JPM,"Williams, Washington and White",win,1990,RZUE75736863600771,normal,hybrid,3,1,True
916,63C 844,Thomas Inc,your,2019,MCDX59972303271470,normal,electric,5,2,False
917,7K 5159I,Wallace Inc,management,2005,WALN04374389806592,high,diesel,2,1,True
918,C52 2BZ,Nelson LLC,stand,1991,FRBK05280399947746,high,electric,8,0,True
919,3JRB508,Hunt-Ortiz,concern,1996,OYYY63439324610883,high,diesel,5,1,False
920,711XUT,Shea-Horton,own,2017,AMNT71878025238962,normal,diesel,4,2,False
921,208 0790,Carter and Sons,dog,2016,AXVW28705494689004,high,diesel,2,2,False
922,56BL679,"Cisneros, Ramos and Fleming",either,1992,DZUG40639304601805,high,hybrid,7,2,True
923,983 DCP,Cruz-Ball,decide,2013,XVTH78433587793335,normal,electric,6,1,True
924,C92 1QG,Munoz-Church,leave,1991,UXVB97112450255127,normal,electric,6,1,True
925,8E 19061,Fletcher-Copeland,main,2020,LDAA35279878803076,high,electric,5,1,False
926,226-DYF,Cole LLC,price,2022,XGVC33302620705388,normal,hybrid,7,0,True
927,420 WGR,Neal LLC,another,2015,PDAV99519326171364,high,diesel,5,2,False
928,D34-XBK,"Reynolds, Figueroa and Freeman",big,2023,LZAM30735642902092,normal,hybrid,5,0,False
929,Q26 6AU,"Clark, Cantu and Mahoney",research,1992,KNYD31660798456289,normal,electric,6,1,True
930,572 YEB,Hunt-Hubbard,long,2009,KSVX89108860609092,normal,electric,4,0,True
931,43I Q83,Butler PLC,grow,2003,KGII79395184552399,high,electric,6,2,False
932,5HJ 013,"Guerrero, Day and Ortega",system,1992,KSFR75351846725576,normal,electric,5,0,False
933,THF9210,Clark LLC,head,1996,GKZM49360416264697,normal,electric,4,0,False
934,54L•731,Bauer-Parker,happen,2013,EQXP71476887870671,normal,diesel,7,2,True
935,TC-2451,Proctor and Sons,picture,2015,BKMS38492436561757,high,hybrid,4,2,True
936,6BN 701,Romero Group,feeling,1992,LFHF01919622274444,high,diesel,3,2,False
937,0N967,"Barnes, Higgins and Aguilar",question,2023,TRKJ52827325269258,normal,hybrid,5,0,False
938,4XN 378,Rogers Group,increase,2023,WNJB07200229200806,normal,electric,8,1,True
939,4FB 679,"Odom, Warren and Hayes",leader,2010,QLWI99021648350451,high,hybrid,7,1,False
940,544 UY2,Wilson-Gardner,little,2006,SSNS93408069560707,high,diesel,2,0,False
941,533ICZ,Johnson-Gonzalez,send,2000,FRDI04066509761075,normal,diesel,8,2,True
942,LQX-3395,Rodriguez PLC,generation,2012,QOEF45287230615101,high,hybrid,4,0,True
943,ZQ5 F6T,Walter-Davis,medical,2005,FBKZ04829621563556,normal,electric,5,2,False
944,U68-PQR,Li Inc,eight,2021,UHWM11913517921488,high,diesel,2,0,True
945,95Q 4922,"Wolf, Nelson and Riggs",natural,2019,CECN34264464116844,high,diesel,3,0,True
946,R10 9BA,Day-Reese,either,2011,UPNQ73492559620499,high,electric,7,0,True
947,XUK-086,Garcia Group,free,1999,FLFQ35832815053614,normal,hybrid,5,2,False
948,531T,Cross PLC,civil,2003,GWFN61263969356095,high,electric,7,1,False
949,Q88-WNE,Medina-Gonzalez,project,2021,CGEN61259593742749,normal,electric,7,1,False
950,255-XUU,Reed-Sheppard,reveal,1992,HDGP79789909853280,normal,hybrid,2,2,True
951,930 NDC,Horne Inc,value,1996,QBCD79082183068214,normal,hybrid,3,2,False
952,BHM C60,Werner Ltd,less,2007,FQGC24831884830186,high,diesel,4,0,False
953,J78 3EW,Cruz Ltd,huge,2018,XPQO12644482586467,normal,hybrid,3,1,True
954,Q41-GUJ,"Warren, Frey and Hebert",brother,2010,KHRH22167644572370,normal,electric,4,1,True
955,25-4027F,Anderson Inc,future,2009,USYT46790427307294,normal,electric,3,2,True
956,161 SSB,"Mcbride, Bradford and Ashley",drop,2006,GOWA11855695265981,normal,hybrid,7,0,False
957,2YE 874,Browning-Williams,sign,2002,EHNT96389904136042,high,electric,8,2,False
958,FVM-7839,Joseph and Sons,director,1997,DFKE66310365563327,high,electric,3,1,True
959,045-AYW,"Walker, Jensen and Hatfield",peace,1990,MBCH19041956107896,normal,diesel,2,1,True
960,B10 3NS,Glover-Cook,as,1998,ZFXB99029575983196,high,electric,7,0,False
961,NMN-5719,Ward LLC,ball,2021,UBFS17229233467763,high,electric,7,0,True
962,0M 20518,Hughes Ltd,your,2014,XYSF62336822314844,high,electric,5,0,True
963,868 BNR,Serrano-Yang,find,1990,ACZL71520237425251,normal,diesel,8,0,False
964,AES-2758,Smith and Sons,treat,2002,DFQQ28786473022647,normal,diesel,2,0,False
965,78D Y81,"Perry, Miller and Lopez",piece,2003,PFKT96288504539833,high,hybrid,7,2,False
966,SVF 694,Martinez-Hill,population,2017,UEXP05114951750901,high,electric,3,2,True
967,OOM 281,"Obrien, Schmidt and Buckley",you,2018,XVKG62593218241835,high,diesel,8,1,False
968,WKE 3979,Miranda-Morse,family,1992,JWYA87524368475820,high,electric,6,0,True
969,IJY-410,Smith-Valdez,believe,2004,ZQZX37891519288519,high,diesel,6,1,False
970,526 0476,Love Group,safe,2006,HNTW42223894276215,high,electric,5,0,False
971,IHE-767,"Walter, Brown and Thomas",safe,1990,NRFM04376167467026,high,diesel,6,1,False
972,9-83211F,"Williams, Key and Robertson",health,1996,LCKU81533428508462,high,electric,5,2,True
973,MIU 863,"Lopez, Kemp and Church",worker,2021,JAKC12406843080800,normal,electric,2,2,False
974,0764,Edwards-Vincent,energy,2023,CQGB11362309251295,high,electric,7,1,False
975,WT4 R8I,"Davis, Robinson and Murphy",after,2021,JHWF73397211139371,high,hybrid,6,1,False
976,JVX-602,Stone Inc,begin,2009,YOQP89037239243902,normal,diesel,4,2,False
977,951 PGG,"Price, Golden and Anderson",magazine,1998,ETHF28834446893172,normal,electric,2,2,True
978,420-XGM,Smith PLC,type,2002,JQEL16201822790841,high,hybrid,8,0,False
979,RCE-310,"Davis, White and Smith",build,1990,MHXU40658715399292,normal,electric,5,1,False
980,377 9XX,Riley LLC,hair,2018,TNSW18111207428442,high,hybrid,4,2,False
981,86AP9,Phillips and Sons,space,2012,ZOJB53702896024011,high,hybrid,5,0,True
982,HID 527,"Shaw, Rios and Smith",why,2023,SEFC16546801066436,normal,electric,7,1,True
983,938 GAA,Mack-Carter,type,2011,HIPL78283589732709,normal,diesel,7,2,True
984,07-99318,"Smith, Bowman and Collins",trip,2001,ZGKM53576378899829,high,diesel,3,1,False
985,574PDQ,"Hernandez, Thomas and Hall",strong,1990,DOGA34762883914229,normal,diesel,7,0,True
986,ERM 239,Contreras-Morrison,everybody,1992,DZCB94313107064620,high,diesel,3,0,True
987,695 XBL,Schmidt-Bridges,include,2000,XOBC72164699887143,high,electric,7,2,True
988,MBJ 427,Wilson-Arnold,stuff,2005,WHWV87492114089624,normal,hybrid,8,1,True
989,140R0,Woods PLC,condition,2002,GOVB77112579703954,normal,hybrid,7,2,True
990,515-MOY,"Austin, Carr and Conley",themselves,2007,EFQX26615815306546,normal,hybrid,7,0,False
991,717-WCI,Simon-Gibson,marriage,2011,ISSQ31115180837174,high,diesel,4,0,False
992,1VJ0399,"Smith, Hill and Roberson",attack,2023,BKRK10710623301429,high,diesel,7,2,True
993,18-K035,Craig Inc,short,1992,XRMK92409573257100,high,diesel,7,0,True
994,14B 703,"Smith, Barajas and Poole",ever,2011,ZNYE29056609365688,high,electric,2,2,False
995,94-PL19,"Church, Davenport and Garcia",front,2009,YJUB40145196978640,normal,hybrid,5,1,False
996,7L YQ062,Shelton-King,offer,2014,SNNL14187816832877,high,diesel,2,1,True
997,WZT 001,Owen-Horn,thank,2010,DTPI52467445357403,normal,diesel,7,0,False
998,557 1BT,Figueroa Ltd,man,2001,FSXQ81471723743466,normal,hybrid,4,0,False
999,41ZR477,Colon-Thornton,challenge,1993,UKCC43579908201717,normal,diesel,7,0,True
1000,64A F07,Rosales Ltd,none,1996,OGJP78987906712608,normal,diesel,3,0,False
