user_id,first_name,last_name,date_of_birth,residence,email,phone_number,passw,account_status,rating
1,Michael,Carlson,2002-04-12,Smithborough,gburnett@example.net,779-945-1645x45225,FC7JLe&kV(,active,2
2,Gary,Murphy,1956-02-02,Ginastad,daniellethompson@example.net,(494)853-7748x39983,@#QC6Jbg8B,disabled,5
3,Robert,Hines,1974-06-23,New Carmentown,anthony11@example.com,+1-899-584-5471,a@F2IOhw6P,disabled,3
4,Calvin,Johnston,1968-12-11,Lake Cynthia,amberhuff@example.org,9237740873,pX@h6G_xFm,disabled,3
5,Cole,Maynard,1974-07-09,Pruittmouth,imontgomery@example.net,277.431.7863,7$NW6usl_F,disabled,5
6,Angela,Garcia,1980-01-21,Lake Jeffery,elijah40@example.net,824-833-9025x88192,9KQ_8NAq%e,disabled,5
7,Brenda,Gibbs,1977-03-14,Karenfurt,harry98@example.net,+1-606-445-9112x731,&8G8Sv1It6,disabled,3
8,Kimberly,Flores,1958-09-30,West Kiara,michaelwashington@example.com,973-889-4622x645,(r^$5Yy2rN,active,5
9,Gary,Mccarthy,1966-12-17,Torresport,lawrence02@example.net,(600)647-2886,u$Y1Ip8g#),active,5
10,Dakota,Velazquez,1955-02-14,Michaelchester,udavis@example.org,(792)358-9014,S4EU@ik6^E,active,3
11,Tammy,Jefferson,1983-05-17,Lake Kristenberg,kellicase@example.net,001-781-292-4030,%t1VrtpHwE,active,5
12,Crystal,Smith,1976-08-06,Mccoyshire,garcialaura@example.org,+1-222-829-7383,Bc5VPLU8!2,active,2
13,Jamie,Moore,1989-08-31,Lake Wesleychester,aprilmann@example.net,787.509.5661,!af1AOzekM,disabled,1
14,Tyler,Barry,1984-12-06,North Meganmouth,kenneth40@example.org,+1-263-273-0154x08614,SEKwPJ2+(8,active,3
15,Denise,Garcia,1971-11-24,East Patricialand,carmen53@example.net,956.235.0945,%4qT6gap_U,disabled,5
16,Jerry,Hernandez,1981-11-14,Port Ericaland,pflowers@example.net,001-558-371-0560,ua6^Lzzz*^,disabled,2
17,Amy,Williamson,1986-02-28,Port Joseph,matthew12@example.net,5764897257,A%@jO6Nj%w,disabled,3
18,Erica,Evans,1990-11-15,Lake Michaelstad,michellenixon@example.org,421-913-1002,#gYIuHUm1d,disabled,4
19,Leslie,Brady,1983-09-13,Port Loribury,scott91@example.com,(933)436-5289x9823,Bu7zbZVS9&,active,3
20,Kevin,Smith,1979-11-23,North Frank,jasmine68@example.org,269-740-1165x73245,qj0fXynJ$l,disabled,2
21,Barbara,Turner,1976-09-20,Whiteview,claytoncolton@example.org,(777)778-1216,^6QB)U$pal,disabled,2
22,Tyler,Murillo,1993-06-08,South Shelby,erin75@example.org,553.240.4632x066,vE5X7HXie^,active,2
23,Arthur,Silva,1956-09-02,Lake Leah,ericmeza@example.com,341.639.8567x50129,a)Y9aPuOHy,active,5
24,Christina,Morgan,2000-02-18,Orrburgh,larry38@example.org,(844)964-8734x86404,n5SLSV$I(r,disabled,5
25,Diamond,King,2000-04-19,Brianmouth,vanessachambers@example.com,8658950858,*4&ClQyiBs,active,5
26,Ian,Wilcox,2004-02-27,East Aliciahaven,wrightjamie@example.net,(400)231-7296x610,_6IQAytu^Y,active,2
27,Megan,Lawson,1969-12-09,East Brandon,mariahouston@example.com,(320)920-3389,_WR#Qmc@@9,active,4
28,Monica,Little,1988-07-28,Brownborough,alyssa36@example.com,6734543918,5$M4qOMj8k,active,5
29,Andrew,Anderson,2005-08-20,Port Larry,dominique70@example.org,(920)874-3952x645,(pHWEWAf3R,active,3
30,Jared,Rivera,1972-05-04,West Mary,christian65@example.net,+1-952-582-9705x88208,_5SK^$oa)*,disabled,4
31,Sarah,Webb,1976-11-06,East Christophermouth,daltonparker@example.org,001-647-639-7380x563,H0NDUlBf*d,disabled,4
32,Jonathan,Carter,1983-12-08,Lake Stephaniefort,jamesstewart@example.org,+1-545-989-0643x21977,uc8Vl!lv^f,disabled,4
33,Mackenzie,Scott,1977-11-18,West Robert,tonya51@example.org,840-661-7494x8845,!zXaWy#X9a,disabled,2
34,Melinda,Trujillo,1958-01-27,Pruittview,wendy25@example.com,(222)535-7445x41412,$6wZYr1GeL,disabled,5
35,Jennifer,Stein,1977-04-07,Mathisfurt,tammy04@example.org,692.426.2290,%gTe*G7y4!,active,1
36,Shane,Lambert,1993-10-19,Crystaltown,kaylanguyen@example.com,(959)941-1634x146,2JhP7H&f@R,active,4
37,Matthew,Spencer,1994-10-26,Davidsonfurt,hsampson@example.net,001-924-718-4820x4924,0!$84IBvEO,disabled,1
38,Sara,Gonzales,1997-11-02,Parkerville,tyler62@example.com,992-609-7636x57150,e@9u8LMLGa,disabled,1
39,Lauren,Griffin,1959-08-15,Brianmouth,nfuentes@example.net,970-802-9080x3104,q9XNUSF4&G,active,4
40,Trevor,Summers,1963-03-23,Mccallborough,jason77@example.org,+1-958-829-0812x182,pK&9Wp4%^7,active,5
41,Craig,Holmes,2004-05-29,Davisville,ewatson@example.net,001-206-848-5157x40484,&Z4VRgL7II,disabled,4
42,Caitlin,Anderson,1955-12-23,East Robertohaven,qmeyers@example.org,619.885.7626,&8eP9IcHeu,active,2
43,Julie,Kirk,1968-04-12,West Josephtown,john75@example.com,4316412323,E*X6%NXr+2,disabled,4
44,Jeremy,Drake,1984-11-03,South Jerome,uobrien@example.com,+1-732-612-2290,3uRm1OUmK^,disabled,2
45,Kelsey,Martinez,1968-02-27,Ramseyborough,robertjackson@example.net,9082201734,v+7mRg1hUO,disabled,3
46,Kimberly,Bishop,2004-09-06,Paynetown,andrewserika@example.com,001-866-990-1750x70046,0lNe_#0n)p,disabled,1
47,Dustin,Williams,1968-04-24,Laurenview,hartnorma@example.org,001-894-261-2094,JR4BLfy0Y&,disabled,3
48,Richard,Reynolds,1996-06-20,East Anthonyborough,lewisjacob@example.org,001-861-224-8401,^4FwgtrqFO,disabled,3
49,Charles,Camacho,1966-01-31,Port Timothy,sullivanshelly@example.org,930-919-3147x6394,Q!9YCl(Nyy,active,5
50,Joshua,Johnson,2003-06-06,Michelletown,briana07@example.com,6285698016,__Clh*Xc0X,disabled,1
51,Ralph,Chapman,1976-12-27,Hannahland,jameswilson@example.org,9334931195,47H6Dmz%#J,active,1
52,Daniel,Caldwell,2000-02-21,Navarrochester,petersenmichael@example.net,895.243.0778x82596,$$2^WGlkik,active,4
53,Walter,Sandoval,2005-08-29,Jameston,lewischristopher@example.org,001-818-583-2603,wL67EmY2%_,disabled,5
54,Elizabeth,Byrd,1985-04-15,Port Tinamouth,stevensemma@example.net,861-365-1972,A63T4Y&xh@,active,1
55,Troy,Mora,1955-06-06,Stoneview,margarethawkins@example.org,547.698.9838,Q!2_&OXrgp,active,2
56,Rebecca,Morton,1976-09-05,Douglasshire,patrickstanton@example.net,901.678.2035,^pTFo^ygr0,active,5
57,Olivia,Cantrell,1977-08-07,North Cynthiabury,ymendoza@example.net,+1-655-281-4322,*H0&L$*uzW,active,2
58,Michael,Dickson,1961-12-29,Petersenstad,milleranthony@example.net,001-942-936-4328x24636,71sMDFvH*t,active,2
59,Anita,Lopez,1988-09-25,Maryburgh,john08@example.net,(319)597-1041x23547,i#&59OdP%(,disabled,2
60,Kristina,Mcfarland,2000-08-01,Laurentown,xwilson@example.org,907.519.8270x012,i0t)$6ClFa,active,1
61,Tyler,Carpenter,1953-09-24,East Joshuaport,bhobbs@example.com,+1-695-864-3204x2438,!!k%4V&i3t,disabled,3
62,Joseph,Price,1958-03-01,New Raymond,zwolfe@example.net,001-691-311-2238x885,eR8OTGfe*6,disabled,1
63,Gregory,Alexander,1993-09-14,Josefurt,mcdonaldtraci@example.net,001-789-753-0031,^X7Qy*Xj!^,active,4
64,Russell,Hardy,1997-08-09,Port Todd,cory60@example.net,494.494.1434,^q!3XZNjN(,disabled,3
65,Gabriel,Richards,1984-10-27,New Harold,fischereric@example.net,871.458.9146x12791,do0g0@Zf!0,active,4
66,Jessica,Bowman,1980-11-08,Laurenbury,medinaamy@example.net,425.954.8666,FVK43XaWq),active,3
67,Rachel,Matthews,1954-10-22,East Jaimemouth,gibsonjohn@example.net,5224372342,MM8Ja@Or!h,disabled,5
68,Brandi,Gray,1970-08-04,South Tiffany,gregorybrewer@example.org,+1-616-638-0033x15425,ITwI++oa#0,active,4
69,Dawn,Simmons,1956-12-04,New Christophershire,michael16@example.com,293.875.0455,ds&v54Gh&H,active,3
70,Emily,Bowman,1991-09-21,Nicholasfurt,alejandro49@example.com,001-409-723-1718x6864,+&492gBq@+,disabled,3
71,Angela,Howell,1958-11-30,North Gracetown,frenchsteven@example.net,+1-953-876-1794x3946,2X)PlJve(P,disabled,4
72,Russell,Harris,1956-02-11,Pamelamouth,murrayheather@example.org,(739)660-7930x0190,*9Lmw%GQGL,active,3
73,Brian,Gibson,2002-08-17,Gregorychester,rjackson@example.org,(726)422-3228x7957,mjn%DPvl%9,active,1
74,Grace,Lynch,1968-06-14,North Shelly,lukeyork@example.com,927.407.2547,$0Jbbgmvx5,active,5
75,Alejandra,Lane,1954-02-09,East Jessica,joneskristen@example.com,613.627.4235x114,p@y#F9AyaJ,disabled,5
76,Steven,Wilson,1977-08-25,West Briannamouth,richard11@example.net,369.308.0168,V%3VVXzCr_,active,4
77,Joseph,Clark,1970-01-08,West Danielle,kfischer@example.org,364-803-5553x107,7yOKkzI0(s,disabled,4
78,Andrew,Mason,1990-11-05,Port Madeline,ybrown@example.net,+1-929-776-0272x870,$2UBxyY(r6,disabled,5
79,Mallory,Herrera,1975-03-13,Lake Mollyshire,amy55@example.org,913-902-9814,zs9EyH0bZ_,active,5
80,Matthew,Dixon,1967-10-02,Lake Carolyn,jeffreymatthews@example.org,+1-914-958-4685x53152,(sv47XTl@N,active,4
81,Julie,Hoffman,1979-10-01,North Meghan,daymatthew@example.net,001-915-821-7606x720,V(5OpQ03*S,active,1
82,Julie,Myers,2000-10-26,South Joshualand,imoore@example.com,223-548-9103x36706,74eKiV7T(k,disabled,3
83,Susan,Smith,1965-07-07,Port Jamie,jonesamy@example.net,804.750.6468,@0lM2CPa5@,active,2
84,Amanda,Ramos,1969-10-30,Tiffanyview,donna90@example.net,869-739-4729,r0AugEFu*2,active,3
85,Cynthia,Holt,2002-11-09,New Christopherborough,ronaldwilkinson@example.org,206.985.6625x958,eq@6HXmaw$,disabled,1
86,David,Pham,1956-02-14,Mirandahaven,christopheracosta@example.org,001-379-672-1557x283,@4QiQ2bH4e,disabled,4
87,Dylan,Anderson,1981-12-25,South Nathan,vgates@example.net,+1-420-357-4427x6034,D+4J5zDcaV,active,4
88,Ashley,Gonzales,1984-02-06,Lake Aaron,tammygonzalez@example.com,394-309-5383,e88%MrBx#_,active,4
89,Jacob,Brooks,1980-05-14,Gordonville,ogarza@example.net,867-901-9765x716,Ym74#Raa$%,disabled,5
90,Nancy,Olsen,1975-04-30,Crystalstad,barbara24@example.net,336-477-0523,u)vw9pQqhB,disabled,5
91,Isabella,Bennett,1959-08-21,Bryantfurt,allendonna@example.net,001-352-810-9358,+8Ma$HvfYE,active,3
92,Kristina,Johnson,1990-12-12,Brownmouth,johncook@example.org,+1-526-516-4958,2d2EeVn5#h,disabled,1
93,Jennifer,Manning,2003-09-27,South Rebeccaburgh,tracystevens@example.net,6273532381,qVZ^^ZKv!9,disabled,3
94,Sandra,Jennings,1959-12-17,Andrewland,mario84@example.com,550-885-8029,^jq5O@%mwq,disabled,4
95,Kendra,Berg,1953-12-09,West Ryan,lisawalsh@example.com,001-223-994-3648x56604,2^y4Uj%NKf,active,1
96,Kristin,Clark,2005-09-05,Port Margaretberg,jake32@example.com,(885)383-9571x406,^0Z+9k0l!q,disabled,4
97,Rebecca,Howard,1967-10-21,Lake Derekshire,dsmith@example.net,+1-546-827-6758x93488,Kh_1FLJtz3,active,1
98,Margaret,Martinez,1955-05-27,Port Melissa,nserrano@example.org,655-577-9466x82611,&Vd$e%St5K,disabled,5
99,Ashley,Moore,1953-03-18,West Aprilside,bauerbrent@example.com,(301)266-5307,v01qWWNR!p,disabled,2
100,Frederick,Davis,1993-09-15,Kaylatown,hilljoseph@example.net,750.339.8553x508,*6oceOvMwX,active,2
